Crew_ID,Crew_Name,Crew_Role,Flight_ID
1,Wilma Chapman,First Officer,17
2,Dominique Henderson,Purser,119
3,Sierra Mccray,Junior Flight Attendant,33
4,Amity Guerra,Junior Flight Attendant,73
5,Lila Walker,Purser,130
6,Ulla Velasquez,Cabin Crew,159
7,Jaquelyn Reilly,Cabin Services Supervisor,52
8,Merrill O'Neill,In-Flight Service Manager,74
9,Mannix Cantrell,Junior Flight Attendant,50
10,Harriet Melton,Purser,26
11,Gage Moon,Flight Attendant,61
12,Keith Watson,Cabin Services Director,102
13,Jolie Richard,Cabin Crew,189
14,Clio Davenport,Cabin Services Supervisor,94
15,Charity Gutierrez,In-Flight Service Manager,116
16,Hammett Mack,Cabin Services Supervisor,197
17,Myra Rogers,Captain,63
18,Belle Henry,Cabin Services Director,156
19,Gary Hopkins,Safety Officer,138
20,Indigo Pena,Flight Engineer,115
21,Cathleen Kirby,Lead Flight Attendant,5
22,Nomlanga Wilkinson,Cabin Services Director,4
23,Kiara Berg,In-Flight Service Manager,191
24,Tamekah Mullen,Safety Officer,121
25,Jerome Barrett,Lead Flight Attendant,172
26,Rajah Wise,Safety Officer,78
27,Rana Livingston,Cabin Services Director,170
28,Lawrence Rosa,Captain,89
29,Reagan Lawson,Cabin Services Supervisor,109
30,Francesca Velasquez,Medical Officer,93
31,Fletcher Jacobs,Cabin Services Supervisor,93
32,Jessamine Head,Cabin Crew,93
33,Erasmus Warren,Cabin Services Supervisor,69
34,Rylee Hunt,Safety Officer,198
35,Madeline Duke,In-Flight Service Manager,15
36,Robin Molina,Cabin Services Supervisor,12
37,Logan Harrison,Senior Flight Attendant,184
38,Elaine Jacobson,Captain,186
39,Wyoming Maynard,Cabin Services Director,183
40,Honorato Chen,Flight Attendant,70
41,Andrew Navarro,Captain,38
42,Lydia Pruitt,In-Flight Service Manager,172
43,Teagan Chavez,Junior Flight Attendant,13
44,Lara Stuart,Medical Officer,121
45,Destiny Rhodes,Flight Attendant,42
46,Ryder Scott,In-Flight Service Manager,87
47,Elijah Howard,Second Officer,100
48,Omar Levine,Junior Flight Attendant,197
49,Walter Myers,First Officer,68
50,Wylie Simmons,Purser,125
51,Carla Carpenter,Cabin Services Supervisor,173
52,Valentine Barr,Cabin Crew,25
53,Hillary Huff,Cabin Crew,170
54,Xaviera Daniels,Cabin Services Director,27
55,Reese Oliver,Cabin Crew,109
56,Pandora Long,Flight Attendant,38
57,Keane Valdez,Lead Flight Attendant,153
58,Heather Ross,Medical Officer,66
59,Kareem Potter,Lead Flight Attendant,34
60,Elliott Larsen,Senior Flight Attendant,11
61,Adam Whitney,Lead Flight Attendant,91
62,Vivian Mueller,In-Flight Service Manager,134
63,Delilah Moore,Junior Flight Attendant,128
64,Quinn Lopez,Captain,4
65,Dean Vincent,Junior Flight Attendant,46
66,Cruz Clements,In-Flight Service Manager,107
67,Winifred Wheeler,Flight Attendant,116
68,Susan Browning,Purser,141
69,Gray Vinson,Senior Flight Attendant,107
70,Tad Erickson,Cabin Services Director,36
71,Yvette Lee,Safety Officer,119
72,Nicholas Vega,Senior Flight Attendant,163
73,Hayden Foster,Flight Engineer,134
74,Ria Pitts,In-Flight Service Manager,121
75,Darrel Valenzuela,Lead Flight Attendant,28
76,Deacon Delacruz,Flight Engineer,101
77,Zena Mcgowan,Medical Officer,121
78,Bevis Rich,Flight Engineer,184
79,Claire Leach,Medical Officer,90
80,Yasir Mckee,Flight Engineer,185
81,Stacey Rodriquez,Senior Flight Attendant,185
82,Frances Baker,Junior Flight Attendant,95
83,Ignacia Burris,Flight Attendant,41
84,Kaitlin Coffey,Captain,128
85,Mikayla Price,Medical Officer,156
86,Hakeem Mcdowell,Flight Attendant,129
87,Madonna Montgomery,Senior Flight Attendant,124
88,Jorden Mccullough,Cabin Services Supervisor,189
89,September Britt,Junior Flight Attendant,160
90,April Patton,Cabin Services Director,148
91,Joshua Blankenship,Flight Engineer,190
92,Anthony Clements,Flight Engineer,118
93,Colby Bartlett,Safety Officer,178
94,Hayley Cherry,Lead Flight Attendant,25
95,Jessamine Schultz,Captain,26
96,Macey Rutledge,Flight Engineer,24
97,Walker Barry,Senior Flight Attendant,45
98,Quin Underwood,Second Officer,16
99,Quinlan Berry,Second Officer,89
100,Noah Prince,Medical Officer,30
101,Ryder Mendoza,Cabin Crew,80
102,Chester Moore,Cabin Services Supervisor,124
103,Lester Sargent,Purser,176
104,Jonas Powers,Lead Flight Attendant,52
105,Kaseem Coleman,In-Flight Service Manager,21
106,Janna Mccarty,Medical Officer,170
107,Drake Stone,Cabin Crew,159
108,Penelope Hampton,Cabin Services Supervisor,38
109,Caesar Lloyd,First Officer,18
110,Petra Silva,Flight Engineer,19
111,Venus Edwards,Cabin Services Supervisor,56
112,Kameko Guthrie,Captain,43
113,Basia Flowers,Cabin Services Director,4
114,Justina Ware,Medical Officer,104
115,Trevor Cantrell,Senior Flight Attendant,139
116,Gil Cleveland,Senior Flight Attendant,42
117,Lucian Glover,Cabin Services Director,189
118,Roth Shepherd,In-Flight Service Manager,91
119,Aaron Foreman,First Officer,138
120,Hasad West,Cabin Services Supervisor,41
121,Garth Carson,Purser,161
122,Lewis Graham,First Officer,150
123,Brody Alexander,Lead Flight Attendant,122
124,Margaret Mathews,Flight Attendant,140
125,Indira Oliver,First Officer,198
126,Arsenio Nash,In-Flight Service Manager,150
127,Wallace Knox,Flight Attendant,105
128,Lucius Robinson,Flight Attendant,81
129,Ali Buck,Flight Engineer,151
130,Aurelia Norris,Senior Flight Attendant,191
131,Octavia Joyce,Cabin Services Director,125
132,Fitzgerald Blair,Flight Attendant,194
133,Marvin Weiss,Safety Officer,46
134,Lawrence Kim,In-Flight Service Manager,125
135,Nathan Livingston,Second Officer,33
136,Zachary Kelley,Captain,178
137,Gregory Sheppard,Safety Officer,130
138,Paula Jenkins,Captain,86
139,Riley Woodard,In-Flight Service Manager,151
140,Yardley Savage,Flight Attendant,133
141,Quyn Rhodes,Cabin Services Director,128
142,Kibo Burton,First Officer,175
143,Clarke Daniels,Cabin Crew,76
144,Kirk Richmond,Junior Flight Attendant,56
145,Winifred Gross,Medical Officer,149
146,Jamalia Huber,First Officer,168
147,Maxwell Tanner,Captain,160
148,Jolene Tyson,Captain,153
149,Clayton Rosales,Flight Attendant,68
150,Dane Bowman,Senior Flight Attendant,104
151,Kathleen Leach,In-Flight Service Manager,163
152,Silas Valencia,First Officer,169
153,Lester Page,Second Officer,28
154,Gregory Beach,Cabin Crew,152
155,Karen Richards,Cabin Crew,61
156,Buckminster Booker,Second Officer,189
157,Hop Stevens,Flight Attendant,186
158,Chanda Fulton,Flight Engineer,115
159,Isabelle Roberson,Cabin Services Supervisor,123
160,Zachery Pennington,Safety Officer,92
161,Pamela O'brien,Captain,152
162,James Wilder,Captain,42
163,Reed Cohen,Cabin Crew,79
164,Mufutau Battle,Lead Flight Attendant,182
165,India Robbins,In-Flight Service Manager,40
166,Sade Levine,Medical Officer,134
167,Michelle Sweeney,Cabin Services Supervisor,99
168,Iona Park,First Officer,125
169,Sopoline Crawford,Purser,158
170,Violet Jackson,Purser,26
171,Kirestin Joyner,Purser,111
172,Noelle Velasquez,Cabin Crew,127
173,Ezra Contreras,Safety Officer,90
174,Idola Wilder,Second Officer,1
175,Shoshana Gardner,Safety Officer,6
176,Melyssa Morse,Flight Engineer,120
177,Kristen Espinoza,Second Officer,59
178,Fritz Terrell,Medical Officer,76
179,Chelsea Ewing,Captain,147
180,Oren Kaufman,Lead Flight Attendant,99
181,Carson Yang,Second Officer,169
182,Devin Conley,Flight Attendant,195
183,Aladdin Eaton,Flight Attendant,154
184,Kyle Newton,Cabin Services Director,103
185,Joseph Williams,Cabin Services Director,3
186,Hedley Hood,Cabin Crew,25
187,Montana Haley,In-Flight Service Manager,190
188,Yvonne Macias,First Officer,109
189,Jennifer Justice,Second Officer,93
190,Keely Potts,First Officer,141
191,Trevor Whitley,Second Officer,86
192,Ronan Delaney,First Officer,21
193,Jillian Whitney,Medical Officer,76
194,Colby Frost,In-Flight Service Manager,72
195,Simon Dotson,First Officer,99
196,Iliana Durham,First Officer,174
197,Gretchen Bernard,Flight Attendant,37
198,Zeus Franklin,Flight Engineer,192
199,Lee Burgess,First Officer,131
200,Nicholas Kaufman,Flight Attendant,53
