Passenger_ID,Passenger_ID,Passenger_ID,Passenger_Email,Passport_Number,AGE
1,Allegra Savage,(110) 184-1184,allegrasavage8169@outlook.net,VWU-AYJ-0UM,26
2,Preston Hodge,(387) 849-3922,prestonhodge3980@google.com,VRM-QOB-4YD,64
3,Maxwell Tyson,(476) 470-9436,maxwelltyson8308@yahoo.com,NXS-GSO-5LG,33
4,Noah Blanchard,(382) 476-8878,noahblanchard8223@protonmail.org,SWM-YFY-6CV,34
5,Keely Mathews,(834) 660-7355,keelymathews@outlook.ca,OEQ-OHZ-9TN,1
6,Lavinia Sullivan,(561) 969-8804,laviniasullivan9342@hotmail.couk,WNZ-XXG-4SO,45
7,Carissa Key,(816) 142-6462,carissakey@yahoo.couk,CJT-FWH-8PE,65
8,Courtney Bruce,(198) 264-2403,courtneybruce8636@icloud.net,VYC-WPM-7TB,84
9,Carla Hayden,(209) 573-4135,carlahayden@yahoo.couk,DAQ-LZQ-1DC,20
10,Emma Moon,(142) 607-9851,emmamoon6059@yahoo.com,WGN-SVE-6LC,73
11,Willa Olson,(138) 735-9427,willaolson7403@protonmail.couk,GDK-EQI-4BL,19
12,Harding Solomon,(119) 358-2044,hardingsolomon@hotmail.org,QFN-AUJ-2NP,59
13,John Hester,(860) 644-3859,johnhester2128@outlook.net,ANU-JKS-8RW,16
14,MacKenzie Lee,(621) 725-5504,mackenzielee@outlook.edu,IDW-FBB-1PC,87
15,Camden Mckee,(889) 903-3023,camdenmckee@hotmail.com,VUV-HMG-3JY,90
16,Cade Witt,(267) 516-6661,cadewitt@aol.edu,AHV-KJI-9NJ,10
17,Melyssa Hudson,(812) 637-0227,melyssahudson8691@aol.couk,YGO-HEY-2YB,39
18,Claire Sutton,(843) 865-9385,clairesutton@aol.couk,VKV-QCS-2PE,80
19,Ava Preston,(348) 471-4852,avapreston5875@google.org,VWF-TBM-0JV,56
20,Ferris Dunlap,(143) 788-3958,ferrisdunlap@yahoo.couk,BNM-WRW-3SK,57
21,Miriam Holloway,(655) 754-7455,miriamholloway@icloud.ca,UGY-DOM-1TS,61
22,Joan Cunningham,(309) 697-6865,joancunningham@outlook.net,YKB-DJV-6PV,72
23,Nasim Miles,(798) 811-7480,nasimmiles1667@protonmail.com,WEQ-XGW-2NC,74
24,Hayfa Byers,(894) 858-3943,hayfabyers3147@yahoo.edu,OVV-NVK-2PP,34
25,Avram Mccoy,(244) 877-5386,avrammccoy@yahoo.edu,IAJ-FFW-1OW,51
26,Chancellor Payne,(577) 412-9027,chancellorpayne3915@google.couk,CRI-AYJ-4YN,69
27,Lev Flowers,(418) 937-6281,levflowers@google.ca,JLL-RDM-1WK,14
28,Alfreda Mooney,(929) 263-7681,alfredamooney9214@protonmail.ca,XIC-MVM-6YU,28
29,Channing Shaw,(581) 457-2012,channingshaw5624@hotmail.edu,EFY-OGL-7KQ,20
30,Kirby Bradley,(636) 304-1266,kirbybradley@protonmail.org,QIV-RKE-7NP,75
31,Cyrus Finch,(948) 752-6534,cyrusfinch@google.edu,GOT-LDQ-2IC,33
32,Joan Reid,(964) 485-3319,joanreid9131@outlook.com,HGJ-GDI-4SK,71
33,Wallace William,(431) 714-6240,wallacewilliam7674@outlook.ca,RBT-JAW-1HA,42
34,Xena Todd,(672) 978-5546,xenatodd@outlook.couk,DFV-BCC-2OF,69
35,Yasir Hanson,(797) 783-4064,yasirhanson@aol.com,QHA-PBS-1MS,4
36,Micah Underwood,(704) 932-7751,micahunderwood@yahoo.couk,ARG-JRN-7VD,51
37,Autumn Savage,(715) 641-1746,autumnsavage6137@yahoo.org,ROI-IOT-8YJ,9
38,Whoopi Cherry,(120) 527-1724,whoopicherry@aol.net,LLU-DMB-3SH,45
39,Levi Stevens,(524) 889-0477,levistevens8484@google.ca,QLC-OQR-8YO,46
40,Kerry Jordan,(476) 423-2505,kerryjordan945@google.com,IHS-IPN-4MG,20
41,Hector Macias,(484) 675-6606,hectormacias8910@google.net,ZEP-WQT-8VP,21
42,Rhonda Stein,(326) 467-8074,rhondastein@protonmail.ca,RCR-TOB-6JZ,32
43,Faith Yates,(278) 325-3728,faithyates1984@outlook.net,JUN-LIB-2TA,60
44,Frances Duran,(731) 297-3414,francesduran@protonmail.couk,OLK-AHU-6II,30
45,Merritt Bender,(644) 833-9156,merrittbender@yahoo.edu,RAC-BUS-7JE,67
46,Castor Atkinson,(749) 317-1223,castoratkinson@google.org,YHD-GNF-2IP,27
47,Daniel Hooper,(315) 410-7348,danielhooper2319@hotmail.com,XED-WXH-4IB,62
48,Karly Ewing,(284) 487-2484,karlyewing@google.net,WUQ-FGG-6VP,13
49,Lee Heath,(828) 331-8265,leeheath7449@outlook.edu,RVZ-LDQ-9PC,59
50,Maite Ballard,(915) 885-2375,maiteballard@yahoo.org,HLE-YXK-2EI,39
51,Irene Hebert,(113) 238-3736,irenehebert@yahoo.net,ECY-ORD-9JX,82
52,Tatum Hopper,(638) 517-2415,tatumhopper5618@hotmail.com,CDB-WRN-4RB,39
53,Jacqueline Mccarthy,(222) 277-8252,jacquelinemccarthy186@icloud.net,POP-PBO-7LJ,33
54,Patricia Bowen,(558) 781-2919,patriciabowen4672@protonmail.couk,BVO-XIM-5WG,55
55,Theodore Booker,(806) 297-4365,theodorebooker3703@protonmail.com,DLD-XQW-3FP,59
56,Lucas Justice,(662) 333-6751,lucasjustice@outlook.edu,DCD-IMD-2ZY,77
57,Hayley Mcguire,(761) 236-8363,hayleymcguire@icloud.couk,BIR-UCF-4SH,50
58,Audra Meyers,(572) 441-3586,audrameyers7254@icloud.net,LVL-CJE-1EU,16
59,Brittany Savage,(983) 886-0218,brittanysavage@yahoo.net,STR-WBX-4QW,46
60,Gavin Rocha,(853) 265-8587,gavinrocha7499@google.org,UWV-BBP-4EV,70
61,Madeson Savage,(656) 344-6653,madesonsavage@hotmail.net,XQQ-CIM-7XZ,7
62,Pamela House,(514) 856-3170,pamelahouse@yahoo.net,FVI-DHH-4NU,25
63,Jordan Curry,(760) 139-6017,jordancurry@icloud.net,POO-ZKQ-5XJ,25
64,Maggie Morin,(856) 311-3707,maggiemorin4041@google.net,CEE-SYU-8CV,87
65,Kieran Owens,(438) 449-3255,kieranowens@protonmail.com,TQE-JLN-0DT,11
66,Nerea Jimenez,(742) 538-4322,nereajimenez@hotmail.net,RNT-IOK-6DI,42
67,Henry Chapman,(714) 829-6643,henrychapman2042@aol.com,ISG-ZUF-3LR,49
68,Alec Olson,(281) 242-8338,alecolson1714@outlook.edu,KQX-RYF-4VO,62
69,Colleen Bradley,(404) 293-8719,colleenbradley9989@aol.ca,CCU-CGE-9IF,12
70,Oleg Hogan,(248) 186-4876,oleghogan@hotmail.com,XSU-VQF-7KP,85
71,Nehru Albert,(182) 587-3577,nehrualbert@icloud.couk,DVK-PKK-8NQ,26
72,Tucker Burch,(882) 474-7886,tuckerburch@google.edu,YUK-FWO-0SN,53
73,Paula Nelson,(677) 672-7698,paulanelson@yahoo.org,MQP-QSV-5WI,50
74,Geoffrey Hull,(571) 619-4372,geoffreyhull@yahoo.ca,KMU-NDK-0KS,23
75,Rina Howe,(358) 623-4436,rinahowe3601@outlook.edu,MAT-YQF-8KS,19
76,Quail Vaughan,(620) 139-8861,quailvaughan4278@outlook.ca,ISH-HPZ-3CU,32
77,Quyn Miles,(126) 366-3448,quynmiles871@aol.couk,JOQ-KHD-5IZ,48
78,Caesar Zamora,(814) 467-8902,caesarzamora856@yahoo.org,DTQ-SPR-0VV,2
79,Ginger Wilson,(617) 732-1565,gingerwilson@aol.net,RVX-TNM-6UI,46
80,Tiger Norris,(544) 715-5619,tigernorris9155@google.org,XUQ-KFJ-1OM,33
81,Adrienne Hogan,(634) 363-5184,adriennehogan@protonmail.org,IQJ-ZVK-5VP,66
82,Vladimir Munoz,(530) 652-6474,vladimirmunoz1025@aol.couk,IRP-SUL-4UI,64
83,Bevis Graham,(184) 410-8412,bevisgraham9826@google.couk,JJB-RZX-3RD,55
84,Tanner Nelson,(487) 635-4512,tannernelson8029@icloud.org,JJJ-YCW-1XU,31
85,Aladdin Garcia,(467) 747-6542,aladdingarcia2352@yahoo.ca,LEB-MGL-4KI,26
86,Alden Leach,(874) 802-3538,aldenleach@protonmail.ca,NMF-LBF-4BE,24
87,Ulla Conway,(533) 535-0603,ullaconway4117@aol.net,OHR-QTN-1IQ,35
88,Hamilton Nixon,(662) 212-1144,hamiltonnixon@yahoo.com,SGH-LJW-6KB,14
89,Virginia Curry,(661) 385-9823,virginiacurry7549@protonmail.org,VWU-LHS-8QT,14
90,Cameron Becker,(236) 349-6248,cameronbecker8788@hotmail.ca,VFX-QHW-5IH,71
91,Barry Acosta,(384) 276-4063,barryacosta@protonmail.com,VMR-MDJ-7PS,50
92,Noah Gomez,(664) 252-3381,noahgomez@icloud.edu,JFI-FZC-2QY,49
93,Reed Tyler,(782) 122-2552,reedtyler2831@protonmail.com,YAA-XYC-4JB,30
94,Hilary Kirk,(613) 777-7616,hilarykirk2986@icloud.net,BDG-KAT-8DB,32
95,Lesley Mcleod,(545) 636-8625,lesleymcleod3269@outlook.edu,FSQ-CXT-3DP,57
96,Naida Kent,(142) 629-3913,naidakent@icloud.couk,KBC-YKB-0QG,46
97,Cedric Langley,(592) 706-5034,cedriclangley7023@yahoo.edu,ZMU-QBY-1OH,87
98,Jerry Zimmerman,(628) 703-5084,jerryzimmerman5629@icloud.org,NLR-OFL-3CO,79
99,Benedict Christensen,(721) 363-8717,benedictchristensen@hotmail.org,AKU-HNT-6LM,69
100,Anthony Nash,(163) 311-1613,anthonynash6443@protonmail.com,BMT-UJC-6KP,30
101,Eric Holt,(476) 180-5410,ericholt623@outlook.ca,KQS-GPZ-5QX,33
102,Gavin Nelson,(801) 208-3821,gavinnelson@outlook.edu,SKM-WHX-7FK,68
103,Hector Vaughn,(527) 267-7367,hectorvaughn@aol.couk,QPD-FHG-1OI,9
104,Teegan Patterson,(656) 422-7013,teeganpatterson2216@protonmail.net,NBE-RTF-4FT,47
105,Tobias Lara,(562) 961-6257,tobiaslara@icloud.couk,OXK-HXY-0TI,6
106,Kerry Stevens,(998) 255-8613,kerrystevens6252@google.com,SLP-WWL-1HS,24
107,Roth O'connor,(258) 875-3066,rothoconnor1133@yahoo.ca,WRI-DVE-5VB,21
108,Erica Dyer,(662) 303-3171,ericadyer3449@hotmail.ca,VXR-CRF-3QS,46
109,Kellie Donaldson,(124) 321-3342,kelliedonaldson3724@outlook.net,IPZ-FKH-3XD,35
110,Bevis Acevedo,(603) 377-4911,bevisacevedo1553@outlook.net,HDL-DWV-2QO,9
111,Aquila Swanson,(805) 965-2471,aquilaswanson@hotmail.couk,YPL-UJE-0VW,24
112,Haviva Whitley,(141) 334-3184,havivawhitley@aol.com,SFL-CVW-5PL,61
113,Astra Crosby,(402) 555-5234,astracrosby7901@protonmail.net,ISA-FWX-7YS,8
114,Nash Acosta,(332) 326-1529,nashacosta@yahoo.org,RNZ-SPY-7JC,56
115,Pearl Dean,(512) 299-0440,pearldean9446@outlook.org,IUW-IJA-7BQ,35
116,Tanek Rose,(481) 794-6743,tanekrose@outlook.com,BCF-LDR-5SQ,19
117,Sylvia Hopper,(387) 686-1846,sylviahopper6276@yahoo.com,XQO-VGX-5LH,73
118,Quin Chandler,(518) 501-0702,quinchandler1782@protonmail.couk,EPQ-QCB-7SQ,76
119,Clayton Webb,(564) 706-0257,claytonwebb@aol.ca,YNX-KQE-2SU,56
120,Dale Conner,(239) 221-0923,daleconner@aol.ca,PUU-TGK-0CS,58
121,Tamara Booker,(102) 838-1452,tamarabooker3527@protonmail.com,UUT-LMT-8DN,87
122,Nicole Rush,(355) 158-1552,nicolerush2368@aol.com,SIF-KRH-6QC,68
123,Talon Todd,(703) 258-4116,talontodd@icloud.net,QDM-CHP-9IF,20
124,Dean Fuller,(860) 830-8436,deanfuller2672@aol.ca,FFI-ILN-3UF,72
125,Vivien Calhoun,(777) 861-9454,viviencalhoun@outlook.ca,ARU-AAN-5MU,11
126,Zelda Ortiz,(589) 851-4886,zeldaortiz5488@outlook.couk,MTA-RQM-6GQ,58
127,Quon Navarro,(793) 327-5494,quonnavarro7083@google.ca,OWJ-CEO-9RJ,89
128,Jessica Talley,(224) 254-3848,jessicatalley5486@icloud.couk,RFB-PCD-1TW,76
129,Maya Fernandez,(776) 501-0086,mayafernandez@hotmail.net,QIK-PFC-9VJ,79
130,Quamar Cantrell,(985) 781-7068,quamarcantrell8371@protonmail.ca,IKQ-YMW-7MG,20
131,Rashad Buckley,(359) 984-4822,rashadbuckley6092@outlook.couk,EJL-CII-6DL,81
132,Tanisha Conley,(245) 379-1964,tanishaconley@outlook.couk,WBI-RPE-1UL,56
133,Fuller Goodwin,(941) 877-0454,fullergoodwin@google.org,QPG-INE-0OR,65
134,Rama Fuentes,(543) 469-3848,ramafuentes8568@yahoo.com,NZX-USP-8SH,65
135,Hiram Reed,(620) 364-3411,hiramreed@hotmail.couk,WKB-JJH-3SA,51
136,Karina Poole,(243) 283-4436,karinapoole9397@icloud.net,KTM-YEF-8JF,39
137,Holmes Calhoun,(973) 732-3586,holmescalhoun@protonmail.couk,CEQ-JCH-2KM,27
138,Lynn Watkins,(916) 894-7480,lynnwatkins2984@google.couk,JGI-DZG-1FD,3
139,Inga Guerrero,(945) 575-0838,ingaguerrero120@yahoo.edu,VHI-DTD-5KQ,22
140,Emmanuel Ford,(698) 582-2276,emmanuelford@outlook.couk,VVN-QTL-7DK,44
141,Celeste David,(705) 168-6533,celestedavid@outlook.com,MWM-JME-3BV,35
142,Jael Erickson,(867) 969-6676,jaelerickson@yahoo.net,ZPH-IJO-0IF,29
143,Genevieve Ballard,(274) 110-6097,genevieveballard2818@outlook.edu,WFH-VLP-0RP,71
144,Neville Carter,(141) 343-0913,nevillecarter@hotmail.couk,TNU-XHF-2OF,62
145,Gay Strong,(557) 510-3346,gaystrong@aol.net,GRB-CKF-5IN,5
146,Damian Tate,(317) 111-3555,damiantate@icloud.ca,GYA-RCI-8LC,38
147,Phyllis Welch,(758) 771-2164,phylliswelch8824@yahoo.com,LIX-KSY-0UQ,7
148,Quinn Joseph,(544) 338-7327,quinnjoseph1802@aol.org,FTB-WHK-9EK,77
149,Mara Keith,(384) 302-9610,marakeith6017@protonmail.ca,GQF-QGU-2OC,49
150,Ira Summers,(186) 182-0775,irasummers@hotmail.net,KHS-IMR-2ES,71
151,Sophia Curry,(649) 215-4453,sophiacurry5871@protonmail.org,JBB-GPJ-3DR,62
152,Britanni Simpson,(992) 322-2948,britannisimpson@icloud.org,UGE-LGJ-7EI,34
153,Alvin Patel,(486) 282-1837,alvinpatel@hotmail.com,TRG-FKG-3BV,60
154,Joseph Bryant,(668) 946-5024,josephbryant@outlook.edu,SEA-BBU-2NW,85
155,Denise Goodwin,(261) 717-4823,denisegoodwin@outlook.edu,IGW-GPM-8LW,48
156,Caryn Barron,(394) 225-8088,carynbarron5519@google.org,WEZ-ZQG-1DV,73
157,Sierra Shepard,(313) 829-5860,sierrashepard3074@yahoo.couk,ROF-YJO-7LT,4
158,Cruz Cross,(185) 374-8312,cruzcross@yahoo.net,TQS-SCH-1CV,3
159,Celeste Mcdowell,(740) 771-1672,celestemcdowell@yahoo.com,PSQ-JTM-7GY,21
160,Ann Randall,(337) 568-8282,annrandall198@protonmail.couk,GHK-NID-3KB,31
161,Rhoda Bird,(665) 548-2932,rhodabird@aol.net,ORS-DXL-3MK,50
162,Rhona Bentley,(114) 553-4379,rhonabentley5679@outlook.edu,JHB-YOI-3PB,15
163,Desiree Small,(321) 415-3588,desireesmall4107@outlook.couk,ZFM-FFG-4HO,23
164,Lawrence Carter,(234) 337-5665,lawrencecarter7870@yahoo.ca,XIB-YDH-8FF,38
165,Alice Baldwin,(599) 152-7272,alicebaldwin7409@aol.edu,YJS-ZSD-3TN,22
166,Dale Cooley,(372) 535-3774,dalecooley@icloud.ca,PCH-OLF-7TD,59
167,Berk Calhoun,(215) 234-2218,berkcalhoun@protonmail.couk,OPJ-EZN-2KU,8
168,Belle French,(574) 687-7286,bellefrench8249@icloud.net,BVU-UDY-1RU,25
169,Lars Harrison,(161) 958-3497,larsharrison994@hotmail.ca,GOZ-GCS-1KY,27
170,Otto Head,(295) 444-5810,ottohead@yahoo.ca,RCI-ZBT-8TR,22
171,Gage Pennington,(787) 925-9434,gagepennington4507@yahoo.com,SVN-YIX-1HR,71
172,Nadine Stanton,(211) 345-1267,nadinestanton@aol.com,OFJ-PAO-6YC,69
173,Kyla Walls,(475) 685-5355,kylawalls9861@google.edu,WHY-URI-8GX,0
174,Yvonne Weber,(183) 472-6128,yvonneweber@protonmail.ca,YMV-NSI-1UK,14
175,Kuame Carver,(264) 523-2628,kuamecarver@hotmail.couk,IKY-YWC-5MH,62
176,Nyssa Justice,(708) 576-4476,nyssajustice@protonmail.net,VJY-VOV-3WA,36
177,Quentin Underwood,(568) 243-1116,quentinunderwood5549@protonmail.org,UQK-PJS-1RS,26
178,Isaiah Powers,(947) 122-0729,isaiahpowers2179@hotmail.edu,VZI-SCW-5ZG,26
179,Barry Stevens,(636) 336-2957,barrystevens1023@hotmail.ca,PTI-LBO-1YG,13
180,Nissim Branch,(599) 916-6127,nissimbranch7214@google.edu,GCK-LHQ-4YM,16
181,Tanek Francis,(381) 774-4883,tanekfrancis6527@hotmail.edu,MCZ-PTM-8EJ,65
182,Cullen Cervantes,(480) 229-2111,cullencervantes@icloud.org,EUW-CQQ-1LR,83
183,Dillon Cherry,(556) 409-1834,dilloncherry2280@icloud.edu,ZYC-GTV-7EB,10
184,Harlan Lynch,(845) 662-8410,harlanlynch@aol.edu,UUY-FSI-3OT,68
185,Nathaniel Mcdaniel,(827) 347-4627,nathanielmcdaniel3920@aol.net,UYX-ERM-3FQ,79
186,Cherokee Beck,(332) 465-4885,cherokeebeck3587@icloud.org,CFX-EXH-9BM,40
187,Francis Steele,(617) 316-2028,francissteele2380@google.net,DBN-III-1KO,48
188,Alisa Ewing,(888) 353-5484,alisaewing@hotmail.couk,DNC-ASJ-7UY,45
189,Julian Kaufman,(254) 573-2148,juliankaufman@hotmail.com,ZFI-NCY-4GU,3
190,Rudyard Berg,(908) 963-1185,rudyardberg@hotmail.com,NEJ-COA-1OL,79
191,Idona Pugh,(389) 785-2446,idonapugh@hotmail.couk,MSM-UVK-2XO,83
192,Tiger Fox,(620) 417-1542,tigerfox@protonmail.net,XBQ-HFL-1KC,58
193,Keelie Stevenson,(248) 918-0889,keeliestevenson@outlook.ca,YPC-NDS-8FO,51
194,Nerea White,(676) 488-8187,nereawhite@yahoo.org,RTK-BYP-1PI,20
195,Kai Garrett,(858) 383-5527,kaigarrett@hotmail.org,MEC-CTC-0SM,24
196,Omar Bird,(275) 722-3163,omarbird8816@icloud.com,XWR-UBA-6ZR,30
197,Wanda Davis,(881) 956-7248,wandadavis3057@outlook.ca,ROQ-LRC-0AJ,19
198,Grant Sloan,(597) 321-3283,grantsloan9113@aol.com,RCK-OPD-1CR,61
199,Portia Durham,(223) 859-8755,portiadurham@icloud.net,UCB-HCP-6FW,37
200,Lawrence Ellis,(675) 249-1921,lawrenceellis@google.edu,LGH-QGP-4WD,37
