1,Alli Donnett,Flight Attendant,279
2,Frederick Wardrope,Flight Attendant,334
3,Vicki Conkay,Cabin Crew,292
4,Cris Whimpenny,Cabin Crew,391
5,Duky Andrault,Cabin Services Supervisor,106
6,Shela Urien,Captain,342
7,Trey Bonelle,Medical Officer,347
8,Whitby Dulanty,Junior Flight Attendant,303
9,Paten McNeil,In-Flight Service Manager,254
10,Evan Jolliss,Cabin Crew,11
11,Giacomo Greenwell,Cabin Crew,386
12,Stephanus Lesly,Flight Attendant,33
13,Nicolette Strongitharm,In-Flight Service Manager,198
14,Roxie Beszant,Cabin Crew,83
15,Kenna Chander,Senior Flight Attendant,403
16,Sandy Kacheller,Captain,424
17,Elna Pidgeley,Flight Attendant,261
18,Pedro Semarke,Flight Attendant,123
19,Susanna Dive,Flight Attendant,49
20,Saree Sterke,Cabin Crew,320
21,Cammi Kinnach,Cabin Services Supervisor,87
22,Ottilie Fildes,Captain,407
23,Arnie Madelin,Cabin Crew,195
24,Rory Shellcross,Cabin Crew,487
25,Cyrillus Yaxley,Purser,185
26,Elysee Sisland,Cabin Crew,146
27,Samaria Huffa,Cabin Crew,119
28,Zollie Heinrici,Cabin Services Director,385
29,Kendal Derges,Junior Flight Attendant,483
30,Oliy Jersh,Cabin Crew,302
31,Katerine Pinsent,Senior Flight Attendant,60
32,Karia Drover,Flight Attendant,453
33,Tommie Giovannacc@i,Cabin Crew,79
34,Florette Pullman,Flight Attendant,154
35,Kora Kibbel,Senior Flight Attendant,142
36,Edi Gilkison,Medical Officer,98
37,Dew McCreary,Flight Attendant,180
38,Lucas Mattioni,Cabin Crew,80
39,Rakel Vasyukhnov,Second Officer,272
40,Shelby Wisker,Cabin Crew,78
41,Dov Ohrtmann,Flight Attendant,226
42,Arabela Glasser,Cabin Crew,79
43,Terencio Arsey,Flight Engineer,146
44,Rab Colby,Cabin Crew,38
45,Armando Hedderly,Safety Officer,463
46,Zulema Garratty,Captain,24
47,Pall Reveley,Cabin Crew,466
48,Walt Wilkenson,Flight Attendant,106
49,Ansell Dafforne,Cabin Services Supervisor,227
50,Carley Clail,Cabin Crew,487
51,Romy Juschke,Flight Attendant,193
52,Moss McNickle,Flight Attendant,65
53,Cleveland Blaxter,Cabin Crew,140
54,Martina Bellenie,Cabin Services Supervisor,386
55,Sella Wilmott,Junior Flight Attendant,236
56,Eulalie Coneybeare,Cabin Crew,183
57,Freddie Gloucester,First Officer,154
58,Adriano Graddell,Flight Attendant,10
59,Dell McGurn,In-Flight Service Manager,328
60,Rosanne Bourton,Cabin Crew,85
61,Suzi Dominichelli,Flight Attendant,385
62,Lela Lombard,Junior Flight Attendant,450
63,Lottie Coatman,Cabin Crew,85
64,Millisent Barbrick,Flight Attendant,312
65,Sergent Ganderton,Junior Flight Attendant,51
66,Briney Harron,Second Officer,405
67,Gregoire Howman,Safety Officer,387
68,Ilsa Hudless,Cabin Crew,83
69,Tarra OScanlan,In-Flight Service Manager,397
70,Vite Wasiela,Cabin Crew,254
71,Loutitia Dummer,Second Officer,268
72,Gerhardt Manilow,Cabin Crew,442
73,Di McElroy,Flight Attendant,9
74,Marwin Freeland,Second Officer,211
75,Julianne MacAnellye,Captain,274
76,Laura Marler,Flight Attendant,299
77,Daloris Gonzalez,In-Flight Service Manager,395
78,Clara Maier,Purser,470
79,Catlee Delleschi,Cabin Crew,366
80,Lori Shovlin,Flight Attendant,380
81,Sosanna Sarver,Cabin Crew,106
82,Alonso Fussie,Flight Attendant,285
83,Lawton Whittier,Cabin Crew,152
84,Marysa Siret,Cabin Crew,407
85,Mead Romans,Cabin Services Director,452
86,Lark MacGow,Junior Flight Attendant,252
87,Pip McQuie,Safety Officer,178
88,Selig Wragge,Cabin Crew,239
89,Jerrome Wildman,Cabin Services Supervisor,284
90,Carmelita Listone,Senior Flight Attendant,33
91,Jesus Skipsey,Cabin Crew,417
92,Anders Brooksby,Cabin Crew,470
93,Darcee Jizhaki,Flight Attendant,333
94,Delmore Brauns,Cabin Crew,175
95,Guthry Marshland,Flight Attendant,151
96,Sharlene Oglesbee,Junior Flight Attendant,274
97,Teddi Eeles,Cabin Crew,157
98,Casey De Ferraris,Cabin Crew,259
99,Vally Maureen,Flight Attendant,488
100,Noam McTrusty,First Officer,411
101,Sander Wallicker,Cabin Crew,1033
102,Sari Lillo,Cabin Crew,1181
103,Lin Gabb,In-Flight Service Manager,1224
104,Debbi Delicate,Purser,1461
105,Brietta Braban,Junior Flight Attendant,1079
106,Elenore Jess,Flight Attendant,1118
107,Lambert Manicomb,In-Flight Service Manager,1172
108,Marco Harner,Cabin Crew,1159
109,Rosetta Hylton,Flight Attendant,1481
110,Liesa Falcus,Cabin Crew,1125
111,Johnathan Desport,Junior Flight Attendant,1009
112,Flossie Whyteman,Senior Flight Attendant,1489
113,Thorndike Vivers,Cabin Crew,1038
114,Weston Billsberry,Cabin Crew,1002
115,Denni deKnevet,Junior Flight Attendant,1254
116,Skipp Brouard,Cabin Crew,1086
117,Johnnie Smitton,First Officer,1118
118,Grantham Farnin,Cabin Services Supervisor,1397
119,Tuck Bugs,Second Officer,1451
120,Odille Krause,Cabin Crew,1185
121,Dixie Quarrington,Cabin Services Supervisor,1458
122,Doretta MacKerley,Cabin Crew,1496
123,Derk Sellack,Cabin Services Supervisor,1406
124,Marnie Rowson,Flight Attendant,1363
125,Dione Hurtado,Flight Attendant,1247
126,Loise Nelsen,Cabin Crew,1197
127,Stanleigh Pickerin,Medical Officer,1473
128,Arlina Cresser,In-Flight Service Manager,1134
129,Keeley Jefford,Flight Attendant,1227
130,Suzi MacMurray,Flight Attendant,1346
131,Alica Allwood,Cabin Crew,1170
132,Hersh Tregust,Cabin Crew,1347
133,Blondelle Pinch,Flight Attendant,1170
134,Herold Furniss,Lead Flight Attendant,1419
135,Brenden Millichip,Senior Flight Attendant,1384
136,Marchelle Purselow,Flight Attendant,1026
137,Tomi Holdin,Safety Officer,1154
138,Morgen Bromhead,Flight Attendant,1413
139,Julianne Livermore,Junior Flight Attendant,1183
140,Elijah Medler,Flight Attendant,1373
141,Zeb Dalliston,Flight Attendant,1359
142,Blondie Amorine,Captain,1185
143,Georas Brymham,Cabin Crew,1170
144,Twila Gaspero,Flight Attendant,1249
145,Jenda Gopsall,Purser,1153
146,Cyril Dalli,Cabin Crew,1007
147,Vivienne Piercy,Cabin Crew,1178
148,Tisha Gerlack,Flight Attendant,1029
149,Jeanie Norcross,Cabin Crew,1332
150,Wiatt Milne,Cabin Crew,1401
151,Lebbie Berrane,Safety Officer,1180
152,Caye Mowles,Flight Attendant,1384
153,Rufus Honig,Cabin Crew,1282
154,Spenser Ephson,Junior Flight Attendant,1074
155,Orella Varran,Senior Flight Attendant,1389
156,Christos Simonassi,Cabin Crew,1290
157,Elvera Froment,Junior Flight Attendant,1463
158,Abelard Danihelka,Cabin Crew,1192
159,Chelsae Coughan,Cabin Crew,1246
160,Minor Redfearn,Lead Flight Attendant,1001
161,Winn Denton,Junior Flight Attendant,1208
162,Neda Nail,Cabin Crew,1448
163,Reinald Reddel,Cabin Crew,1246
164,Biddy Carnihan,Flight Attendant,1132
165,Gaylor Chidzoy,Cabin Crew,1095
166,Mose Baptist,Cabin Crew,1159
167,Curtice McCallum,Medical Officer,1105
168,Sybila Bunkle,In-Flight Service Manager,1470
169,Jordan Faucherand,Lead Flight Attendant,1059
170,Sissie Dast,Cabin Crew,1142
171,Charmain Risson,Second Officer,1352
172,Richard Hemerijk,First Officer,1385
173,Ninnette Rymill,Cabin Crew,1116
174,Renaud De la Eglise,Junior Flight Attendant,1084
175,Elberta Porcher,Lead Flight Attendant,1205
176,Kamilah Finby,Cabin Crew,1362
177,Flem Dwire,Cabin Crew,1341
178,Brigitta Guidini,Cabin Services Supervisor,1033
179,Anselm OTeague,Cabin Crew,1374
180,Annabal Burrett,First Officer,1303
181,Jeni Haberjam,Cabin Crew,1499
182,Sarene Carolan,Cabin Crew,1313
183,Blake Dowears,Captain,1309
184,Manda Taillard,In-Flight Service Manager,1287
185,Gail Aldwich,Cabin Crew,1323
186,Vin Dohr,Flight Engineer,1452
187,Jonah Yablsley,Cabin Services Supervisor,1293
188,Jimmie Cuppitt,Cabin Crew,1018
189,Drusy Schruurs,Cabin Crew,1390
190,Bibby Craze,Cabin Crew,1326
191,Mal Bartrop,Flight Attendant,1228
192,Garreth Segges,First Officer,1489
193,Tammy Buttery,Captain,1350
194,Denyse Schops,Lead Flight Attendant,1008
195,Jamima Mathwen,Cabin Crew,1362
196,Lynett Rudkin,Second Officer,1487
197,Haroun Nutten,Cabin Crew,1001
198,Anne-marie Edmundson,Cabin Crew,1469
199,Tommie Syms,Cabin Crew,1336
200,Anderson Killich,Senior Flight Attendant,1353
