94,Larry Rawsthorne,+7 725 756 0321,lrawsthorne2l@ca.gov,MI0-2IH-4MW,2011-05-01 06:20:40.973733
95,Celie Eouzan,+596 479 383 8918,ceouzan2m@devhub.com,I6L-B82-DF0,1961-12-17 00:20:40.973733
96,Letti Lobe,+242 102 964 2525,llobe2n@dedecms.com,BFQ-C19-4UU,1969-11-26 00:20:40.973733
97,Robbin Jurkowski,+254 266 339 7921,rjurkowski2o@tmall.com,2NM-MMI-5XG,1991-01-19 06:20:40.973733
98,Franklyn Fleetham,+66 136 534 1586,ffleetham2p@ibm.com,A8A-C0L-YYU,1957-07-08 00:20:40.973733
99,Bobbie Garvagh,+46 723 134 7452,bgarvagh2q@webmd.com,CFH-FAY-8V6,1990-07-06 06:20:40.973733
100,Marten Litzmann,+33 946 376 5090,mlitzmann2r@mail.ru,XA9-R2C-KKI,2002-06-26 00:20:40.973733
101,Dav Migheli,+63 239 336 1357,dmigheli2s@ucsd.edu,NHP-KF7-O2I,1945-09-25 00:20:40.973733
102,Estel Flello,+86 694 167 5590,eflello2t@tamu.edu,I1V-2NW-R8A,1990-01-16 00:20:40.973733
103,Derby Goldman,+31 111 846 2982,dgoldman2u@soup.io,FGR-EA2-UC1,1979-12-29 12:20:40.973733
104,Sauveur Bergstram,+33 666 307 9651,sbergstram2v@barnesandnoble.com,ZJJ-MYY-2PS,1957-04-29 18:20:40.973733
105,Yurik Treverton,+86 999 496 7615,ytreverton2w@exblog.jp,0LA-4JH-TMY,1986-07-03 06:20:40.973733
106,Temp Philippsohn,+386 278 204 2775,tphilippsohn2x@weather.com,05M-05T-ZK5,1993-10-11 00:20:40.973733
107,Victor Grigoryev,+48 954 533 6905,vgrigoryev2y@salon.com,3H2-5AZ-XF5,1948-07-05 18:20:40.973733
108,Kassie Gerriessen,+33 283 308 1517,kgerriessen2z@bbc.co.uk,ZTE-ZD8-0JE,1983-07-29 12:20:40.973733
109,Dannel Bachelar,+86 282 661 5216,dbachelar30@diigo.com,Q1K-I8G-KV6,2023-11-17 12:20:40.973733
110,Hall Lamport,+258 541 480 1995,hlamport31@hexun.com,G0S-8A8-9S8,1965-02-26 18:20:40.973733
111,Gunar Roselli,+226 284 453 9467,groselli32@chron.com,KH1-XWT-2S4,1980-06-14 12:20:40.973733
112,Lonny Onele,+86 329 474 0815,lonele33@gizmodo.com,E0M-FQO-B3H,1991-08-11 12:20:40.973733
113,Miller Backen,+880 535 345 0981,mbacken34@scientificamerican.com,YK5-VUU-LK0,1955-07-04 12:20:40.973733
114,Robyn Kemish,+1 813 216 8240,rkemish35@ask.com,9IO-CAG-IMM,1954-07-14 06:20:40.973733
115,Lefty Tabard,+55 104 589 7927,ltabard36@uiuc.edu,J8A-U3S-2R0,2000-08-26 18:20:40.973733
116,Aubrey Pynner,+509 419 627 7142,apynner37@cornell.edu,TG8-EHF-WJM,2011-08-11 12:20:40.973733
117,Batsheva Papaccio,+86 304 820 1667,bpapaccio38@ustream.tv,6WE-CGA-QFM,1947-08-28 12:20:40.973733
118,Kalina Cufley,+86 922 176 8468,kcufley39@altervista.org,PQY-N4U-SJN,2014-11-28 06:20:40.973733
119,Homerus Paulino,+48 414 770 1757,hpaulino3a@is.gd,QS6-PD3-Q6R,1960-04-07 12:20:40.973733
120,Caril Waylen,+86 792 697 6135,cwaylen3b@intel.com,MO9-PB1-GYY,1993-03-22 18:20:40.973733
121,Abigail Crosse,+502 940 403 1255,acrosse3c@latimes.com,X2N-A8J-OYS,1993-04-17 18:20:40.973733
122,Karilynn Izakoff,+359 373 560 0341,kizakoff3d@toplist.cz,Z2Q-BTZ-WA9,1964-06-16 12:20:40.973733
123,Rik Ertel,+46 795 482 8261,rertel3e@imageshack.us,O2I-QV1-V1J,2023-01-09 06:20:40.973733
124,Gabbey Malenoir,+48 908 785 1664,gmalenoir3f@chronoengine.com,LI8-HTG-WI3,2005-12-21 00:20:40.973733
125,Vern McMeeking,+63 579 758 8157,vmcmeeking3g@is.gd,IWZ-776-6CE,1986-12-12 06:20:40.973733
126,Marlie Faivre,+385 790 935 6902,mfaivre3h@columbia.edu,LSD-E3K-HW7,1961-10-02 00:20:40.973733
127,Koral Cousin,+355 256 826 4579,kcousin3i@jalbum.net,JHW-CLV-PWF,1973-03-19 18:20:40.973733
128,Corinna Destouche,+7 132 359 8936,cdestouche3j@businesswire.com,U3X-5OG-15K,1947-07-03 12:20:40.973733
129,Gretna Vasnetsov,+45 552 865 4896,gvasnetsov3k@instagram.com,7UZ-HDC-3TD,1946-06-07 00:20:40.973733
130,Isac Detoile,+351 432 469 7585,idetoile3l@blogger.com,8BK-VAU-90J,2006-06-20 00:20:40.973733
131,Taylor Willoway,+48 987 165 6279,twilloway3m@constantcontact.com,ZJ4-W1C-AE1,2003-11-25 12:20:40.973733
132,Ogden Southan,+48 220 639 2675,osouthan3n@weibo.com,CZL-2JU-40I,1964-08-29 18:20:40.973733
133,Wake Ferreri,+62 305 961 2441,wferreri3o@slideshare.net,14M-60M-Y6U,1973-09-08 00:20:40.973733
134,Karrie Traise,+55 274 986 0585,ktraise3p@opensource.org,3I3-0C0-J5V,1955-01-08 06:20:40.973733
135,Lonnie Hazeldene,+57 168 395 0815,lhazeldene3q@archive.org,EF5-0DF-7EH,1998-01-29 00:20:40.973733
136,Marlin Ruzicka,+351 951 194 3316,mruzicka3r@shinystat.com,F22-T02-VHJ,2024-03-12 12:20:40.973733
137,Lynnell Stebbins,+62 227 106 9803,lstebbins3s@gnu.org,FCJ-DFR-7WI,2020-06-19 12:20:40.973733
138,Nicolai Smy,+82 591 436 1226,nsmy3t@miibeian.gov.cn,81W-5ND-PW6,1964-02-01 12:20:40.973733
139,Martino Littlekit,+593 990 475 8140,mlittlekit3u@icq.com,Q7W-0X8-P54,1986-03-25 00:20:40.973733
140,Biron Willavoys,+55 474 397 4171,bwillavoys3v@arizona.edu,B8W-9JH-XQL,2010-05-17 00:20:40.973733
141,Parke Wyne,+62 363 166 5440,pwyne3w@independent.co.uk,GN2-VFT-6UN,2010-11-24 06:20:40.973733
142,Barrie Fidian,+86 795 105 3584,bfidian3x@netlog.com,94P-VQQ-X6Z,1991-02-11 06:20:40.973733
143,Gibby Anwell,+7 828 641 9052,ganwell3y@wp.com,8HZ-ES6-R4U,2018-02-07 00:20:40.973733
144,Reinaldos Hubberstey,+62 568 596 2978,rhubberstey3z@uol.com.br,OPB-VU4-2PI,2011-06-04 06:20:40.973733
145,Skippie McLanachan,+48 978 517 5207,smclanachan40@goo.gl,OR2-39W-DY3,1973-10-14 00:20:40.973733
146,Gian Selbie,+86 801 259 9666,gselbie41@hao123.com,CFM-2GK-577,1996-05-18 12:20:40.973733
147,Clarine Dominka,+351 113 172 2258,cdominka42@harvard.edu,IYR-XLG-A10,2019-03-02 06:20:40.973733
148,Stewart Dibson,+351 987 118 7232,sdibson43@imageshack.us,EGS-FEN-PTP,2008-11-07 18:20:40.973733
149,Pail Wedon,+226 481 973 5302,pwedon44@businessinsider.com,X9C-G2F-005,1990-04-06 00:20:40.973733
150,Garrick Rainton,+355 950 686 4613,grainton45@sciencedaily.com,2F5-7PZ-1PR,1982-09-21 06:20:40.973733
151,Shirley Rizzotto,+62 117 333 7359,srizzotto46@squarespace.com,5MO-HHW-QJO,1978-10-20 06:20:40.973733
152,Raffaello Steynor,+251 409 562 4846,rsteynor47@usatoday.com,VVF-2EU-9O5,2023-11-10 12:20:40.973733
153,Martina Hurlestone,+62 637 166 6180,mhurlestone48@simplemachines.org,ZM4-LL2-DJ2,1993-03-10 18:20:40.973733
154,Kassia Watkinson,+86 147 931 5155,kwatkinson49@businessweek.com,SE1-PDX-O13,1970-05-08 00:20:40.973733
155,Annabal Beazer,+7 173 669 4665,abeazer4a@jugem.jp,ZLA-563-O1Y,1987-05-24 06:20:40.973733
156,Larine Brawn,+46 777 448 9634,lbrawn4b@microsoft.com,ZUH-3KN-2EG,1964-12-18 18:20:40.973733
157,Dyana Bortol,+62 195 544 5975,dbortol4c@illinois.edu,122-1UQ-ZC6,1957-10-19 00:20:40.973733
158,Vidovik Peckham,+86 521 611 1845,vpeckham4d@house.gov,4D2-T8C-0CJ,1965-07-20 00:20:40.973733
159,Banky Norwood,+86 166 357 9490,bnorwood4e@goodreads.com,YSE-TT3-7FD,1991-02-15 06:20:40.973733
160,Dredi Wooland,+55 988 494 1687,dwooland4f@livejournal.com,AV9-P0R-MP1,1990-09-06 06:20:40.973733
161,Cherise Brangan,+33 355 484 7164,cbrangan4g@businesswire.com,2OB-SIT-92J,1950-06-14 00:20:40.973733
162,Darryl Tothacot,+66 410 805 4534,dtothacot4h@people.com.cn,NYV-GNH-JH1,2005-10-01 00:20:40.973733
163,Irvin De Vile,+63 229 561 0238,ide4i@e-recht24.de,YLE-EMR-8O6,1957-06-28 00:20:40.973733
164,Brigid Belton,+505 234 502 7390,bbelton4j@canalblog.com,O5O-R5Q-HAG,2003-12-03 12:20:40.973733
165,Marilyn Driver,+86 373 736 8217,mdriver4k@aboutads.info,LDZ-VPC-MF1,1948-03-21 12:20:40.973733
166,Grata Hames,+45 157 520 5239,ghames4l@joomla.org,Q5D-T1S-9EW,1986-12-07 06:20:40.973733
167,Valera Gowdie,+81 447 189 2904,vgowdie4m@cbc.ca,403-U8C-5Q2,2021-05-01 18:20:40.973733
168,Brock Ceeley,+505 533 902 5531,bceeley4n@columbia.edu,J4E-C1T-G40,1959-05-08 06:20:40.973733
169,Mahmoud MacKenzie,+48 277 165 7037,mmackenzie4o@dell.com,0F5-LP6-S2H,1973-06-16 18:20:40.973733
170,Colly Kibbel,+256 339 780 2120,ckibbel4p@ehow.com,O9W-J15-Y9F,1969-09-30 00:20:40.973733
171,Ahmad Dominique,+880 451 530 2458,adominique4q@trellian.com,Q02-N55-574,2011-12-07 12:20:40.973733
172,Kara-lynn Farmar,+94 132 910 5231,kfarmar4r@addthis.com,026-HXQ-UX1,1950-04-17 00:20:40.973733
173,Erie Shervil,+351 426 976 6919,eshervil4s@mediafire.com,P0V-LEE-F22,2023-09-30 12:20:40.973733
174,Nanni Dickie,+62 446 449 6224,ndickie4t@wufoo.com,WHB-37W-QII,1960-08-21 18:20:40.973733
175,Reeva Vasilyevski,+55 826 974 9887,rvasilyevski4u@networkadvertising.org,4FO-GDZ-7IU,1991-09-08 12:20:40.973733
176,Kamillah Dongall,+90 496 208 5500,kdongall4v@baidu.com,AN3-ELQ-VK9,1956-02-28 12:20:40.973733
177,Tyne Hardcastle,+86 124 568 1195,thardcastle4w@columbia.edu,TTC-QWS-EGK,2008-06-09 12:20:40.973733
178,Chauncey Atkirk,+7 311 894 6439,catkirk4x@hostgator.com,GEF-NUD-JWE,2016-11-28 18:20:40.973733
179,Zebulen Angier,+66 868 865 4534,zangier4y@meetup.com,JK3-5BG-OCF,1955-04-27 06:20:40.973733
180,Freddie Dering,+63 718 599 7811,fdering4z@tripadvisor.com,J51-EPN-VI1,1968-08-14 18:20:40.973733
181,Leighton Brastead,+63 158 102 6757,lbrastead50@mit.edu,34R-MY3-BY4,1952-02-22 12:20:40.973733
182,Earvin Fenelow,+58 284 492 0917,efenelow51@fema.gov,7X6-OAD-Z68,1946-02-17 00:20:40.973733
183,Berty Dmitrienko,+420 573 363 5985,bdmitrienko52@hao123.com,26S-AM8-RFS,1998-01-03 00:20:40.973733
184,Gottfried Peers,+7 546 346 4012,gpeers53@examiner.com,9QS-YZ5-W4R,1958-08-17 06:20:40.973733
185,Angie Duffyn,+86 957 679 7781,aduffyn54@mtv.com,JET-458-Z5Q,1972-09-29 18:20:40.973733
186,Loise Prestney,+33 350 631 0920,lprestney55@sun.com,QFM-HXW-XTI,2023-11-22 12:20:40.973733
187,Temple Lodden,+63 214 368 5765,tlodden56@diigo.com,ORN-IZR-0B4,1946-06-27 06:20:40.973733
188,Jeremiah Wilmington,+55 191 538 0002,jwilmington57@w3.org,X5A-59M-Y3S,1955-07-25 12:20:40.973733
189,Alejandra Heskey,+256 119 784 9982,aheskey58@paginegialle.it,QOR-Z1Q-AS1,1997-02-01 18:20:40.973733
190,Janella Gatchel,+48 848 476 2739,jgatchel59@who.int,X04-BS9-GX1,2003-10-18 12:20:40.973733
191,Portia Kemp,+351 328 959 0551,pkemp5a@guardian.co.uk,RGK-KW7-VPI,1982-11-30 06:20:40.973733
192,Kaleena Basset,+48 704 399 7347,kbasset5b@google.com,UYD-FED-PWN,2008-06-10 12:20:40.973733
193,Devlen Hanes,+86 524 391 1319,dhanes5c@webs.com,Y58-LP6-WOT,1951-12-15 12:20:40.973733
194,Addia McKeeman,+86 756 130 1329,amckeeman5d@sogou.com,OIG-UW1-AKZ,2007-03-27 06:20:40.973733
195,Aluino Sacks,+1 309 830 2210,asacks5e@ft.com,5VV-RTT-OC6,1947-01-08 06:20:40.973733
196,Cleo Shieber,+968 755 433 0619,cshieber5f@simplemachines.org,GDR-FBO-U2L,1976-05-05 12:20:40.973733
197,Anders Heake,+86 352 497 2457,aheake5g@newyorker.com,H3H-L9B-LOA,1984-10-29 18:20:40.973733
198,Ethelred Coupman,+63 519 259 5716,ecoupman5h@symantec.com,IS4-ELD-ELM,1950-05-31 00:20:40.973733
199,Hartley Arger,+7 456 395 9446,harger5i@cbsnews.com,CV7-GQK-C24,1982-08-25 06:20:40.973733
200,Nataniel Hatherley,+255 268 340 9124,nhatherley5j@tripadvisor.com,I9K-DAX-NHF,2020-07-19 18:20:40.973733
201,Rutger Kellie,+380 811 835 0628,rkellie5k@google.co.uk,6SK-2ED-V4O,1955-01-01 06:20:40.973733
202,Bartel Rodenburg,+46 699 345 9343,brodenburg5l@opera.com,KQ3-V9Z-VCV,2002-11-06 06:20:40.973733
203,Shem Shadwick,+86 829 485 6625,sshadwick5m@furl.net,GNJ-OYB-LJR,2007-08-01 12:20:40.973733
204,Josh Meade,+63 152 610 4691,jmeade5n@google.ru,0U9-A5J-IZS,1961-11-24 00:20:40.973733
205,Keven Roseman,+86 202 402 1474,kroseman5o@bluehost.com,TQD-KMU-FSO,1973-12-15 00:20:40.973733
206,Aura Dinjes,+63 965 657 1695,adinjes5p@bbc.co.uk,13F-MID-00L,1982-10-07 06:20:40.973733
207,Tammy Ludee,+62 233 697 0694,tludee5q@bloomberg.com,56G-331-BP8,1954-11-14 06:20:40.973733
208,Heda Mallinson,+81 786 788 0333,hmallinson5r@blogs.com,UHG-APP-K3Q,1981-05-11 18:20:40.973733
209,Jorrie Heinschke,+53 763 362 3038,jheinschke5s@mapy.cz,58C-VST-J4F,1995-07-07 12:20:40.973733
210,Emmanuel Tyers,+98 926 531 2424,etyers5t@mlb.com,47E-06U-W7J,2003-04-20 06:20:40.973733
211,Agathe Valiant,+358 384 537 3909,avaliant5u@mail.ru,EPK-ES8-NVG,1990-10-13 06:20:40.973733
212,Sander Craise,+86 386 605 1969,scraise5v@bloglines.com,LW6-CIA-2Y1,2023-01-04 06:20:40.973733
213,Vanda Roughley,+244 591 566 5521,vroughley5w@state.gov,L5C-RWU-2YB,2006-10-25 06:20:40.973733
214,Theadora Izard,+998 751 535 0104,tizard5x@loc.gov,ENA-UTG-XU4,2001-12-15 00:20:40.973733
215,Gearard Oppy,+63 184 259 8512,goppy5y@jimdo.com,MYK-VLV-FSP,1948-02-26 12:20:40.973733
216,Dorey Carruthers,+33 855 588 3484,dcarruthers5z@earthlink.net,GGG-J75-KAL,2016-02-26 12:20:40.973733
217,Rea Dowdle,+55 925 915 2909,rdowdle60@wikispaces.com,7Z4-IR9-ALT,2013-06-13 18:20:40.973733
218,Em Lisle,+86 698 587 7920,elisle61@networksolutions.com,6WO-7CL-WEV,1996-10-18 18:20:40.973733
219,Sharl Grosvener,+86 128 742 1587,sgrosvener62@usa.gov,6GH-A85-OFN,1990-06-22 00:20:40.973733
220,Frederik Rosel,+86 938 986 0913,frosel63@google.it,3A7-25Y-F1Q,1953-10-24 00:20:40.973733
221,Myrta Weymouth,+86 326 459 9426,mweymouth64@wikia.com,S3K-5MV-IMN,2018-09-30 06:20:40.973733
222,Kattie Dolohunty,+44 781 888 9956,kdolohunty65@imgur.com,WDB-SE1-KB0,1953-04-25 18:20:40.973733
223,Iona Spurdle,+48 593 396 7500,ispurdle66@sciencedaily.com,9U1-5HY-G8Y,2017-05-09 18:20:40.973733
224,Derek Grimditch,+86 410 132 4709,dgrimditch67@nasa.gov,8IL-HIT-NKF,2023-05-23 06:20:40.973733
225,Katharyn Oxteby,+63 383 854 8909,koxteby68@live.com,JTO-GM0-0SE,2007-02-18 06:20:40.973733
226,Alejandrina Reilinger,+977 684 756 8878,areilinger69@jigsy.com,DDL-0Z3-Y77,1989-01-27 18:20:40.973733
227,Vergil MacMeanma,+86 968 466 1794,vmacmeanma6a@businesswire.com,FAY-ZA8-GZL,1945-05-02 18:20:40.973733
228,Victoir Douberday,+994 832 542 5810,vdouberday6b@salon.com,2WR-9XH-7CG,1998-09-30 06:20:40.973733
229,Aldrich St. Clair,+86 953 159 2045,ast6c@list-manage.com,1VN-XLE-V3Y,2006-03-04 00:20:40.973733
230,Heda Accomb,+880 265 160 1698,haccomb6d@shop-pro.jp,GEA-OP4-0GQ,2006-02-05 00:20:40.973733
231,Shalna Sibborn,+81 753 471 5239,ssibborn6e@photobucket.com,232-KUN-X1T,1984-04-05 12:20:40.973733
232,Dyann Dobey,+86 441 961 1276,ddobey6f@senate.gov,NJA-VDF-GC4,1962-01-20 00:20:40.973733
233,Dalton Downer,+63 387 863 5208,ddowner6g@nsw.gov.au,6K6-6X4-YEG,1944-09-09 18:20:40.973733
234,Ingaborg Glass,+33 606 378 8146,iglass6h@google.pl,2EN-6G5-AW5,1958-03-18 00:20:40.973733
235,Juliann Olin,+351 765 269 0882,jolin6i@wufoo.com,6ER-6PJ-PYX,1950-06-08 00:20:40.973733
236,Denny Yerbury,+62 184 845 4397,dyerbury6j@twitpic.com,ZG9-DHL-XZQ,1958-04-26 00:20:40.973733
237,Kandy Stark,+53 380 749 6692,kstark6k@google.com.au,6ZL-SMQ-DRZ,1978-11-11 06:20:40.973733
238,Henrik Casserly,+86 893 297 4274,hcasserly6l@washingtonpost.com,B8V-BBP-4RF,2011-08-13 12:20:40.973733
239,Duffy Pocklington,+86 812 276 5795,dpocklington6m@webs.com,AO4-JE9-9GD,1975-04-20 06:20:40.973733
240,Frederik Diable,+39 161 375 5554,fdiable6n@jugem.jp,AAG-X8N-4CU,2020-11-20 18:20:40.973733
241,Dora Prestney,+46 222 479 3396,dprestney6o@wikispaces.com,SDS-8MV-7L5,1956-04-05 12:20:40.973733
242,Seward Skotcher,+7 885 650 9100,sskotcher6p@cbslocal.com,09S-FIC-NBM,1951-02-05 06:20:40.973733
243,Lorinda Allans,+62 469 315 0574,lallans6q@fastcompany.com,U1E-R0E-QMZ,2005-09-03 00:20:40.973733
244,Faythe Haire,+57 346 314 9509,fhaire6r@constantcontact.com,WYU-78N-EEN,2020-11-27 18:20:40.973733
245,Corissa Billam,+62 157 341 6814,cbillam6s@addtoany.com,B26-336-BZQ,1991-09-07 12:20:40.973733
246,Yorgo Biss,+33 251 910 1947,ybiss6t@spiegel.de,SQ9-LQP-FW0,1990-03-04 00:20:40.973733
247,Waring Tyre,+1 812 283 5855,wtyre6u@hatena.ne.jp,04B-CNW-7OA,2022-11-17 06:20:40.973733
248,Hurlee Crebott,+86 422 552 2909,hcrebott6v@telegraph.co.uk,MB3-U3X-FNK,2010-07-01 06:20:40.973733
249,Alfie Tythacott,+7 130 738 2381,atythacott6w@moonfruit.com,8ZD-UO8-XYU,1992-10-12 18:20:40.973733
250,Harriett Czaple,+504 191 834 3615,hczaple6x@mediafire.com,VMA-VI2-485,1999-06-06 06:20:40.973733
251,Harriott Plumley,+62 109 486 9708,hplumley6y@comsenz.com,Y20-3EG-4V4,1983-05-27 06:20:40.973733
252,Rosy Andrews,+33 128 297 8117,randrews6z@washingtonpost.com,Z14-I33-0RC,1946-02-11 00:20:40.973733
253,Ondrea Laval,+62 582 396 2707,olaval70@who.int,4JC-N5R-X68,1968-12-05 18:20:40.973733
254,Cheri Hillborne,+52 664 410 0684,chillborne71@nih.gov,MVP-X6Y-QEE,2008-04-10 12:20:40.973733
255,Claudine MacSherry,+63 933 833 1680,cmacsherry72@mayoclinic.com,61Z-R3M-W0G,1948-04-23 12:20:40.973733
256,Arie Crisp,+86 169 145 4721,acrisp73@miitbeian.gov.cn,55A-4A7-A12,1991-06-06 06:20:40.973733
257,Emilie Dohms,+86 896 329 1020,edohms74@pinterest.com,UNK-NN0-DTK,1993-07-29 00:20:40.973733
258,Audie Boch,+30 905 667 3225,aboch75@cbc.ca,N29-JZH-X6W,1957-08-09 00:20:40.973733
259,Cherilynn Curnock,+86 269 219 0862,ccurnock76@wunderground.com,MII-HDI-HK3,1960-03-16 12:20:40.973733
260,Julian Hatrick,+48 919 115 6629,jhatrick77@gmpg.org,RJV-8Z0-4RT,1953-02-06 18:20:40.973733
261,Kiersten Meaton,+1 605 284 4691,kmeaton78@xing.com,CHI-33S-MOV,1974-01-09 00:20:40.973733
262,Inesita Juden,+62 941 603 2417,ijuden79@reddit.com,TXE-M72-3QF,2011-04-19 06:20:40.973733
263,Dael Cossans,+591 378 311 9974,dcossans7a@cloudflare.com,X3L-A20-L7E,2000-07-07 18:20:40.973733
264,Bettina Garard,+55 520 761 2362,bgarard7b@yelp.com,YER-IFS-FWS,2013-09-23 00:20:40.973733
265,Vinni Rebichon,+976 364 340 8099,vrebichon7c@nih.gov,H5K-C1N-MI2,2018-02-08 00:20:40.973733
266,Carmina Rosenbush,+55 511 811 8412,crosenbush7d@chronoengine.com,P8H-IJ1-44O,1983-11-07 12:20:40.973733
267,Rinaldo Itzchaki,+81 911 455 5604,ritzchaki7e@scribd.com,93H-X0C-IJ1,1948-10-06 18:20:40.973733
268,Lou Siaspinski,+55 292 500 7898,lsiaspinski7f@exblog.jp,XHV-G7W-ED8,1965-09-21 00:20:40.973733
269,Ruthanne Okill,+7 855 765 8539,rokill7g@csmonitor.com,ZST-B1D-EP1,2002-09-11 06:20:40.973733
270,Paton Betteney,+54 893 700 7277,pbetteney7h@noaa.gov,THB-0AT-5CO,2010-12-29 06:20:40.973733
271,Jodi Muckeen,+92 755 919 6312,jmuckeen7i@noaa.gov,TM3-1SR-LFB,2012-05-11 12:20:40.973733
272,Adrianne Skouling,+86 955 840 4276,askouling7j@utexas.edu,UII-RLD-OIS,1965-03-23 18:20:40.973733
273,Clive Stockdale,+86 875 383 9703,cstockdale7k@dion.ne.jp,PQR-C7E-UMX,2023-04-19 06:20:40.973733
274,Harris Benneyworth,+351 301 923 7731,hbenneyworth7l@fema.gov,IW4-ERA-1MR,1961-10-30 00:20:40.973733
275,Vitoria Budnk,+48 958 123 2069,vbudnk7m@google.nl,9NQ-D8T-0A5,1987-11-24 12:20:40.973733
276,Fawne MacSkeaghan,+62 549 701 0106,fmacskeaghan7n@cornell.edu,84K-NGW-JAK,2018-11-02 06:20:40.973733
277,Bram Forgan,+62 254 401 6759,bforgan7o@hexun.com,XVE-QI5-WHE,2019-12-10 12:20:40.973733
370,Jasmine Phippen,+380 247 128 3313,jphippena9@gov.uk,4LN-WPP-CQE,1979-12-23 12:20:40.973733
371,Ambur De Anesy,+7 466 942 7904,adeaa@npr.org,OOS-GXB-Y0A,1949-12-19 00:20:40.973733
372,Albertina Phin,+380 463 285 5602,aphinab@networksolutions.com,MVT-OBJ-8M3,1988-06-11 12:20:40.973733
373,Edin Foxworthy,+46 703 219 8330,efoxworthyac@deviantart.com,L9X-9AD-ZQ0,2003-06-03 06:20:40.973733
374,Neysa Pasfield,+52 717 856 3939,npasfieldad@sogou.com,9QQ-Q6X-D28,1981-10-25 00:20:40.973733
375,Kelcy Rawdall,+381 584 247 7717,krawdallae@noaa.gov,TJF-YSW-EPD,1947-08-13 12:20:40.973733
376,Ned Reiach,+86 263 549 3972,nreiachaf@simplemachines.org,SV0-TZB-M2D,1972-03-01 12:20:40.973733
377,Tessy Philippon,+54 300 595 0010,tphilipponag@wikipedia.org,H1R-6LY-IUD,2009-07-04 00:20:40.973733
378,Marybeth von Nassau,+86 521 581 0565,mvonah@360.cn,LM2-ONI-DUA,2015-09-24 12:20:40.973733
379,Steffie Giblin,+972 732 754 5826,sgiblinai@mozilla.org,VRS-RLE-WUQ,1968-02-11 12:20:40.973733
380,Kimble Stovell,+86 749 415 2360,kstovellaj@guardian.co.uk,KY6-BB7-6P7,2002-05-11 00:20:40.973733
381,Mikel Aldins,+355 791 245 6862,maldinsak@ox.ac.uk,FBY-PUT-P1B,2006-02-16 00:20:40.973733
382,Ronda Itzig,+33 993 462 6603,ritzigal@yelp.com,LVH-7YB-YRE,1991-02-26 06:20:40.973733
383,Nathanil Jeffers,+48 198 160 3750,njeffersam@nasa.gov,OKA-CN6-XLG,1965-02-07 18:20:40.973733
384,Marianna Filby,+62 603 174 2702,mfilbyan@google.es,SVG-DJG-57R,1979-04-03 06:20:40.973733
385,Velma Whitsey,+48 286 177 9250,vwhitseyao@google.de,72M-TIY-EY6,1976-01-05 12:20:40.973733
386,Marilee Bamell,+86 665 844 4756,mbamellap@cdc.gov,MCL-7DB-TUK,1994-07-23 06:20:40.973733
387,Ferd Arboine,+380 726 461 1534,farboineaq@plala.or.jp,4BK-4DR-IIC,1951-07-05 12:20:40.973733
388,Jillie De Beauchamp,+855 929 400 4514,jdear@odnoklassniki.ru,MYJ-M1W-WIH,1983-07-12 12:20:40.973733
389,Elena Studdert,+86 842 733 8199,estuddertas@google.com,6PW-V77-XNA,1995-09-16 12:20:40.973733
390,Hilde Kupisz,+52 577 765 3408,hkupiszat@cnbc.com,ITC-5HF-X0U,1949-09-07 00:20:40.973733
391,Dilly Davidwitz,+7 913 210 7134,ddavidwitzau@bizjournals.com,3D6-AHH-MLK,1970-03-26 00:20:40.973733
392,Aurora Waliszek,+48 765 673 6975,awaliszekav@tmall.com,9JZ-3OX-FDW,1945-04-06 18:20:40.973733
393,Patti Murley,+86 400 639 2560,pmurleyaw@privacy.gov.au,ZI4-1RD-S3N,1998-12-07 06:20:40.973733
394,Jard Mutter,+82 761 250 4398,jmutterax@dedecms.com,527-RTM-BQ2,1977-03-20 18:20:40.973733
395,Lucretia Durrad,+86 635 894 0579,ldurraday@w3.org,EKO-38L-X1F,1967-09-19 12:20:40.973733
396,Francoise De Beauchemp,+351 574 263 4208,fdeaz@boston.com,AON-FC4-EJE,2006-06-22 00:20:40.973733
397,Antonella Parkins,+880 905 298 5236,aparkinsb0@princeton.edu,JKG-8LI-NUL,1995-12-07 12:20:40.973733
398,Kayle Wenn,+7 888 269 4526,kwennb1@sourceforge.net,V74-PFN-X6T,1967-03-31 06:20:40.973733
399,Morty Hebbs,+385 416 990 0675,mhebbsb2@aboutads.info,6BQ-4YV-PA6,1993-12-12 00:20:40.973733
400,Gwenneth Croneen,+64 482 943 0522,gcroneenb3@fc2.com,BO5-ZZQ-RW5,1980-10-15 18:20:40.973733
401,Wash Laidlow,+86 456 618 6268,wlaidlowb4@unc.edu,B2B-PQY-ZX4,2022-12-18 06:20:40.973733
402,Korie Top,+84 290 752 2358,ktopb5@imdb.com,6M1-G8C-KFU,1963-07-06 12:20:40.973733
403,Silvio Hambrook,+51 243 615 8583,shambrookb6@usgs.gov,KPT-W7J-OH5,2003-04-11 06:20:40.973733
404,Kenna Benedicto,+7 537 836 8586,kbenedictob7@edublogs.org,UXE-TCX-B5Y,2009-08-22 00:20:40.973733
405,Cherri Mapam,+86 699 616 0628,cmapamb8@yolasite.com,RFM-1QC-X4E,1955-04-07 06:20:40.973733
406,Bastian Davy,+63 857 814 0088,bdavyb9@cocolog-nifty.com,ZT2-2W9-9XJ,2014-09-13 06:20:40.973733
407,Gamaliel Twiddell,+1 718 198 2824,gtwiddellba@chronoengine.com,PSW-599-2KS,1963-05-29 06:20:40.973733
408,Basilio Baldin,+86 766 753 2312,bbaldinbb@slideshare.net,VM1-LO9-UP8,2009-01-11 18:20:40.973733
409,Cecilius Meaddowcroft,+54 847 921 4053,cmeaddowcroftbc@privacy.gov.au,H0Z-QRF-0YZ,1969-07-09 00:20:40.973733
410,Margarita Fahey,+33 209 364 2258,mfaheybd@army.mil,488-PNB-2EK,1993-12-15 00:20:40.973733
411,Lorelei Sarfass,+33 479 696 1273,lsarfassbe@alexa.com,EG7-DEQ-G48,1948-07-22 18:20:40.973733
412,Rheta Tutill,+855 474 723 7971,rtutillbf@wisc.edu,F20-JTW-332,1946-12-22 06:20:40.973733
413,Clevey Genny,+1 717 340 7279,cgennybg@pagesperso-orange.fr,L9L-7CI-0E7,1946-11-19 06:20:40.973733
414,Lebbie OCurrigan,+355 485 263 0809,locurriganbh@cpanel.net,H41-QJA-75Q,1955-04-14 06:20:40.973733
415,Marilee Kirlin,+63 649 771 4548,mkirlinbi@samsung.com,8K5-FIK-0BR,1945-07-24 00:20:40.973733
416,Adelbert Purse,+62 150 156 0554,apursebj@miibeian.gov.cn,SF8-XFG-DG2,1948-01-04 12:20:40.973733
417,Natalya Towl,+880 190 857 5654,ntowlbk@last.fm,695-XPX-W46,1996-05-17 12:20:40.973733
418,Gelya Di Carli,+594 157 254 7599,gdibl@desdev.cn,3PG-W40-8CE,2003-11-25 12:20:40.973733
419,Lethia Molder,+53 617 814 2161,lmolderbm@reverbnation.com,7LC-Z5B-SUC,1970-10-03 06:20:40.973733
420,Ephrem Carey,+55 355 621 0576,ecareybn@eepurl.com,WG1-EXB-WHG,1993-06-02 18:20:40.973733
421,Bancroft Torrisi,+45 346 404 2598,btorrisibo@t-online.de,UOB-FBI-XJG,1962-08-26 06:20:40.973733
422,Sibel Evason,+1 871 645 3388,sevasonbp@usnews.com,F2X-YD5-TTD,1984-08-04 18:20:40.973733
423,Carolina De Cleyne,+1 916 913 5321,cdebq@businessweek.com,1PM-P32-5Z4,1983-11-14 12:20:40.973733
424,Nicolle McGahey,+7 266 646 6861,nmcgaheybr@yahoo.com,PZB-PBB-YL5,2022-08-14 06:20:40.973733
425,Britt Calcutt,+86 295 602 0456,bcalcuttbs@qq.com,RUE-SL5-WM2,1991-03-18 06:20:40.973733
426,Mercy Lodo,+7 370 793 0861,mlodobt@digg.com,9WN-3Z4-63D,1991-03-20 06:20:40.973733
427,Adena Toothill,+850 659 884 6969,atoothillbu@microsoft.com,5FE-0PU-ZWB,2022-10-13 06:20:40.973733
428,Fredrick Jouhning,+62 688 805 3655,fjouhningbv@google.fr,4IN-5VV-DMY,1959-10-23 12:20:40.973733
429,Felicdad Howsin,+62 475 626 4620,fhowsinbw@gov.uk,8E4-8T5-KYV,1974-12-23 06:20:40.973733
430,Ardyce McPaik,+381 953 892 8391,amcpaikbx@twitpic.com,YM3-NJ7-MEL,1973-05-14 18:20:40.973733
431,Ivy Selwood,+62 129 163 4235,iselwoodby@parallels.com,X9G-4BS-BTK,1992-11-29 18:20:40.973733
432,Phineas Athy,+86 263 753 7379,pathybz@google.ca,0KO-1ZW-XWN,2021-02-09 18:20:40.973733
433,Tallulah Rutgers,+62 595 729 7391,trutgersc0@nsw.gov.au,JZU-ACT-NP8,1956-04-04 12:20:40.973733
434,Colin Thew,+7 762 221 7120,cthewc1@youtu.be,T4O-B5Q-136,2006-08-15 06:20:40.973733
435,Maurizia Wafer,+55 243 924 7682,mwaferc2@youtube.com,48N-EXK-5JH,1978-12-12 06:20:40.973733
436,Trix Le Count,+66 727 609 5088,tlec3@symantec.com,S1N-0YA-N6W,2021-03-28 18:20:40.973733
437,Kimberlee Heinicke,+54 859 375 9193,kheinickec4@mtv.com,7HE-DU1-NK5,2021-06-17 18:20:40.973733
438,Jemmie Philot,+225 955 977 5325,jphilotc5@sakura.ne.jp,08F-KF4-G9R,1962-10-03 06:20:40.973733
439,Catlaina Verson,+504 135 561 7184,cversonc6@census.gov,9LL-KC4-7RN,1945-03-19 18:20:40.973733
440,Moses Kernoghan,+30 383 903 7064,mkernoghanc7@independent.co.uk,9AB-TRG-T7Y,2024-05-19 12:20:40.973733
441,Vivienne Ferber,+49 490 533 6506,vferberc8@amazon.com,2E5-MLU-52T,1990-12-02 06:20:40.973733
442,Towney McKeney,+381 957 690 2668,tmckeneyc9@prnewswire.com,MEO-3C5-NCN,2015-06-14 06:20:40.973733
443,Cyril Humphrys,+86 562 397 4399,chumphrysca@arstechnica.com,W64-0ZF-KH3,1961-09-23 00:20:40.973733
444,Andris Ryrie,+60 570 489 9446,aryriecb@usgs.gov,KD5-RII-K5J,1958-09-17 06:20:40.973733
445,Jessie Matfin,+33 550 620 1760,jmatfincc@yahoo.co.jp,4UH-MN6-6HP,1944-07-05 18:20:40.973733
446,Stephine Birkmyre,+86 282 114 6249,sbirkmyrecd@ibm.com,R4X-4JY-3SQ,1977-08-18 00:20:40.973733
447,Kaine Stillwell,+63 687 628 6041,kstillwellce@nhs.uk,5OE-SN1-4MF,1952-06-14 12:20:40.973733
448,Brice Shaughnessy,+94 249 958 7424,bshaughnessycf@patch.com,3DR-01C-WN7,1996-03-09 12:20:40.973733
449,Rorie Frail,+62 887 439 9903,rfrailcg@zdnet.com,J5H-HAW-700,1991-07-16 12:20:40.973733
450,Sylas Donat,+49 280 844 5946,sdonatch@sfgate.com,Y0D-22Z-S7Z,2001-12-25 00:20:40.973733
451,Philip Hans,+420 400 398 6099,phansci@ocn.ne.jp,89S-UFU-DGM,2016-02-09 12:20:40.973733
452,Georgetta Kienl,+7 218 274 8732,gkienlcj@gmpg.org,ED1-ET6-1NS,1992-06-27 18:20:40.973733
453,Blanch Glavias,+48 148 163 2582,bglaviasck@uiuc.edu,PVW-D3J-KT0,2008-04-05 12:20:40.973733
454,Gregor Linck,+86 566 380 9568,glinckcl@icq.com,W32-XTM-A6O,2016-11-08 18:20:40.973733
455,Ardenia Howlett,+850 467 669 1225,ahowlettcm@vistaprint.com,VIR-URH-9NY,1971-01-11 06:20:40.973733
456,Valida Elias,+93 921 504 7674,veliascn@shop-pro.jp,SO9-PFJ-M4P,1951-03-06 06:20:40.973733
457,Agosto Smeeton,+233 579 294 4894,asmeetonco@globo.com,1J8-IRN-UZM,1965-01-18 18:20:40.973733
458,Celka ORudden,+86 205 602 5002,coruddencp@va.gov,KL4-1SE-U51,1970-08-06 06:20:40.973733
459,Clementina Bourgourd,+7 326 502 0908,cbourgourdcq@people.com.cn,KXA-89K-WU6,1973-01-06 18:20:40.973733
460,Asa Trevear,+92 550 219 0092,atrevearcr@4shared.com,UCM-JK7-LA4,2020-03-08 12:20:40.973733
461,Yetty Hillhouse,+86 931 542 8723,yhillhousecs@foxnews.com,18M-TZO-ZWH,2000-05-22 12:20:40.973733
278,Flore Matthensen,+358 323 254 9055,fmatthensen7p@kickstarter.com,Y02-ZI8-RKD,2014-05-12 00:20:40.973733
279,Winnie Gethin,+381 226 529 9667,wgethin7q@yandex.ru,UUB-2FW-W5W,1953-06-29 00:20:40.973733
280,Holly Ceschelli,+33 321 436 4520,hceschelli7r@elpais.com,N7N-S5P-7JL,1949-09-29 00:20:40.973733
281,Jessamine Skellon,+234 982 605 1724,jskellon7s@ihg.com,NOK-7L5-VGL,1988-02-27 12:20:40.973733
282,Abner Leyshon,+351 729 563 6821,aleyshon7t@yandex.ru,E4Y-4S4-K6Q,1986-09-09 06:20:40.973733
283,Cybil Dudenie,+1 322 873 7707,cdudenie7u@timesonline.co.uk,I70-Q34-CZ7,2009-03-05 18:20:40.973733
284,Rice Vince,+62 376 871 6593,rvince7v@bigcartel.com,XNN-8VK-OYX,1944-10-11 18:20:40.973733
285,Monti Verrillo,+86 635 565 4779,mverrillo7w@storify.com,JIP-X1U-9HI,1985-02-11 18:20:40.973733
286,Barde Bangle,+62 433 665 2187,bbangle7x@apache.org,5GJ-LNX-UD2,1949-09-24 00:20:40.973733
287,Tomasine Paddison,+86 962 928 0694,tpaddison7y@shop-pro.jp,75Z-VTV-BOB,1979-07-07 12:20:40.973733
288,Nicolle Orrah,+62 560 146 8334,norrah7z@tinypic.com,IDW-29G-3EX,2018-09-16 06:20:40.973733
289,Dareen Finlan,+95 357 701 4937,dfinlan80@gov.uk,EVC-UXL-VGU,2001-03-18 18:20:40.973733
290,Jeff Harp,+257 129 794 6574,jharp81@so-net.ne.jp,BDF-GC6-5UQ,1973-01-22 18:20:40.973733
291,Tera Featherbie,+86 613 919 3214,tfeatherbie82@tinypic.com,3KS-RSI-9H9,2018-02-11 00:20:40.973733
292,Herbie Palk,+1 214 617 6866,hpalk83@a8.net,MSS-6AJ-3N0,2023-12-27 12:20:40.973733
293,Danny Pennigar,+228 775 274 7805,dpennigar84@amazon.de,132-Z1L-PYW,1992-02-12 12:20:40.973733
294,Dillon Toulmin,+380 103 993 9942,dtoulmin85@omniture.com,3NN-X1Q-0GD,1992-08-08 18:20:40.973733
295,Tades Dymond,+62 976 226 9083,tdymond86@storify.com,JN5-1B0-DSY,1985-11-16 00:20:40.973733
296,Helaina Extance,+62 239 866 7255,hextance87@issuu.com,G6C-JZE-95D,1950-02-26 00:20:40.973733
297,Saidee Hesser,+84 781 386 4042,shesser88@ocn.ne.jp,BLE-8V5-QEV,1953-02-09 18:20:40.973733
298,Lulita Muscott,+51 737 453 3729,lmuscott89@hhs.gov,2JG-7ME-USN,1981-09-09 00:20:40.973733
299,Issi Comazzo,+86 124 423 0262,icomazzo8a@issuu.com,EXU-B8N-B8E,1975-01-05 06:20:40.973733
300,Hillie Sinderland,+57 607 537 5252,hsinderland8b@arstechnica.com,A6U-D8P-QJ6,2000-01-29 12:20:40.973733
301,Laverna Janks,+46 663 706 5626,ljanks8c@creativecommons.org,E5O-0F0-SZB,1971-04-30 06:20:40.973733
302,Merissa McRory,+7 311 791 0065,mmcrory8d@wikia.com,8PW-0JP-L3B,2018-05-02 00:20:40.973733
303,Idalia Paton,+84 180 896 6402,ipaton8e@netscape.com,YCI-L1F-WBT,1996-12-05 18:20:40.973733
304,Fredelia ODonnell,+54 908 618 8194,fodonnell8f@cornell.edu,VPB-S8Q-HLY,1968-08-25 18:20:40.973733
305,Florance De Normanville,+86 388 321 8370,fde8g@google.pl,66C-GPB-XSW,1950-05-26 00:20:40.973733
306,Demetrius Weson,+54 694 534 7371,dweson8h@bluehost.com,K1W-CVL-AAR,1975-11-28 12:20:40.973733
307,Howard Novill,+63 806 228 2456,hnovill8i@prlog.org,5KT-4PR-6AU,2022-10-06 06:20:40.973733
308,Nels Wallage,+62 936 696 5631,nwallage8j@comcast.net,23F-2U8-MK9,1997-10-03 00:20:40.973733
309,Gilbertina Priel,+62 315 451 4748,gpriel8k@huffingtonpost.com,HGV-Q7Q-DFZ,2005-10-22 00:20:40.973733
310,Libby Jaffra,+86 383 893 1001,ljaffra8l@webmd.com,4AA-VMJ-90J,1965-05-14 18:20:40.973733
311,Gareth Arnao,+55 327 501 9166,garnao8m@archive.org,XD2-W49-W32,1988-06-10 12:20:40.973733
312,Cherri Triggle,+63 177 422 7132,ctriggle8n@sfgate.com,8B8-1EP-6TE,1986-02-05 00:20:40.973733
313,Lynette Gorhardt,+46 504 394 3725,lgorhardt8o@odnoklassniki.ru,EGA-XVG-MPE,2003-08-17 12:20:40.973733
314,Vivienne Blaydon,+46 986 844 4950,vblaydon8p@europa.eu,5FS-CVV-7H8,1990-03-31 00:20:40.973733
315,Issiah Leeves,+46 697 633 8028,ileeves8q@networksolutions.com,WYU-TY5-2SU,1973-03-16 18:20:40.973733
316,Lewiss Climpson,+1 248 801 3918,lclimpson8r@harvard.edu,VC6-MYR-YL5,2015-02-04 06:20:40.973733
317,Lanny Antoniou,+55 730 805 0644,lantoniou8s@dmoz.org,DRE-7BB-928,1951-12-25 12:20:40.973733
318,Ambros Bache,+86 611 198 8228,abache8t@rakuten.co.jp,ETS-NRH-634,1980-05-27 12:20:40.973733
319,Antoni Rumble,+86 857 438 0740,arumble8u@tamu.edu,Q0S-D7D-OZH,1972-04-19 12:20:40.973733
320,Dominik Galbreth,+86 762 934 1984,dgalbreth8v@eventbrite.com,AIA-0IJ-A7A,1950-04-08 00:20:40.973733
321,Christan Gierck,+251 171 688 2274,cgierck8w@usnews.com,I1Y-D3C-E6B,2015-07-28 12:20:40.973733
322,Arnold Johnikin,+62 198 194 6486,ajohnikin8x@phoca.cz,5N0-S4A-IXZ,1971-07-12 12:20:40.973733
323,Tim Walrond,+62 309 727 8435,twalrond8y@blog.com,8KF-Z6M-FMU,1978-02-03 00:20:40.973733
324,Crystal Defont,+86 645 840 2771,cdefont8z@samsung.com,YW9-E5M-B7M,2003-11-10 12:20:40.973733
325,Pauly Bracegirdle,+995 523 395 4979,pbracegirdle90@theguardian.com,UM8-ALE-QRP,1946-11-09 06:20:40.973733
326,Sissy Perryn,+33 857 932 6163,sperryn91@hubpages.com,FUK-VH6-PIZ,1969-06-03 18:20:40.973733
327,Griffith Mariner,+7 940 572 5915,gmariner92@imdb.com,RIR-3GF-E1F,1979-09-11 12:20:40.973733
328,Nina Heggman,+62 976 764 4753,nheggman93@usatoday.com,VHD-RQE-BE5,2018-12-14 06:20:40.973733
329,Dory Gravy,+86 691 666 2960,dgravy94@networksolutions.com,3ZD-PP5-SQQ,1968-10-15 18:20:40.973733
330,Temp Ollerhead,+86 679 701 5684,tollerhead95@blogspot.com,YLT-NUY-N73,2000-09-15 18:20:40.973733
331,Bryn Linforth,+351 827 208 5307,blinforth96@yellowpages.com,TQD-YO6-11Y,1947-09-12 12:20:40.973733
332,Weylin Sirett,+86 215 865 4861,wsirett97@aol.com,SLD-PTQ-AF2,2005-11-17 00:20:40.973733
333,Jenilee Blamey,+86 801 887 1476,jblamey98@blogtalkradio.com,P1U-04G-J86,1963-08-30 12:20:40.973733
334,Merilyn Gravatt,+53 628 791 4458,mgravatt99@homestead.com,X1N-GFM-7RN,2007-06-16 06:20:40.973733
335,Godfry Venmore,+86 161 151 8061,gvenmore9a@uiuc.edu,640-9NJ-Z10,2014-10-03 06:20:40.973733
336,Norrie Buckmaster,+55 482 121 6177,nbuckmaster9b@dell.com,SN3-4U9-GCN,1949-10-24 00:20:40.973733
337,Annemarie Hoggin,+62 158 385 4214,ahoggin9c@people.com.cn,2DR-1IB-LSF,1985-09-28 00:20:40.973733
338,Alidia De Bell,+86 375 458 8433,ade9d@netvibes.com,AJU-C72-NBK,2017-09-06 00:20:40.973733
339,Jessie Tabb,+359 190 158 6645,jtabb9e@ox.ac.uk,0HC-2VO-A0B,1975-11-09 12:20:40.973733
340,Kamila Prestwich,+62 645 586 3232,kprestwich9f@jiathis.com,DTL-D78-JTH,1983-02-27 06:20:40.973733
341,Keelby Rosten,+86 116 832 2977,krosten9g@ca.gov,I3G-QJ0-17T,1980-01-20 12:20:40.973733
342,Antin Esby,+84 237 923 9817,aesby9h@narod.ru,O9Q-2YP-NAI,2007-05-23 06:20:40.973733
343,Anatole Whitehorne,+351 131 757 8166,awhitehorne9i@umn.edu,OXT-A2K-SNB,1975-03-31 06:20:40.973733
344,Blinnie Sewley,+51 741 252 2186,bsewley9j@live.com,OET-4FN-1WK,1971-05-22 06:20:40.973733
345,Florry Borsi,+86 215 326 9739,fborsi9k@accuweather.com,ULB-ZU3-5XK,1967-02-15 06:20:40.973733
346,Taddeo Ringsell,+86 675 124 7035,tringsell9l@gravatar.com,1RE-WBB-YDD,1952-09-27 18:20:40.973733
347,Cleopatra Tebbutt,+48 849 514 7102,ctebbutt9m@hhs.gov,T8K-KRN-8WK,1979-01-18 06:20:40.973733
348,Aloin Griffey,+351 586 808 7317,agriffey9n@1und1.de,9NA-HW8-UHZ,2012-04-09 12:20:40.973733
349,Glen Latek,+86 422 648 7434,glatek9o@mtv.com,C5I-4V0-PRD,1973-08-20 00:20:40.973733
350,Willem McKiddin,+27 286 729 7586,wmckiddin9p@multiply.com,U0E-WKP-3DZ,1998-08-23 06:20:40.973733
351,Avram Hazart,+234 551 726 7889,ahazart9q@state.gov,E29-SIY-MIQ,1969-11-23 00:20:40.973733
352,Davin Asals,+86 733 746 0188,dasals9r@java.com,ERO-ES3-WVC,1968-05-29 12:20:40.973733
353,Fernandina Togwell,+86 482 653 8836,ftogwell9s@va.gov,1OZ-G6I-G6T,1974-07-29 06:20:40.973733
354,Margarethe Tremmil,+63 109 850 5711,mtremmil9t@nba.com,NJM-P62-J8J,2016-04-06 12:20:40.973733
355,Whitman Verey,+351 530 841 7277,wverey9u@cargocollective.com,UU8-IDH-YAT,1951-11-09 12:20:40.973733
356,Marris Goor,+381 688 874 1746,mgoor9v@meetup.com,3NQ-IU4-462,1966-09-14 06:20:40.973733
357,Chaddie Grelak,+86 267 646 4806,cgrelak9w@symantec.com,CYH-51C-A69,1957-08-03 00:20:40.973733
358,Annnora Niblett,+86 656 159 2041,aniblett9x@hatena.ne.jp,G5K-LQ7-IVL,1959-04-12 06:20:40.973733
359,Jamison Pluthero,+57 732 502 7644,jpluthero9y@miitbeian.gov.cn,T67-SSA-JF0,1971-04-07 06:20:40.973733
360,Alvis Lammie,+81 646 711 3663,alammie9z@rambler.ru,N2R-PUS-QQO,1946-05-22 00:20:40.973733
361,Gaby Martynka,+81 947 866 4072,gmartynkaa0@simplemachines.org,Q9E-77A-9PL,1978-07-15 06:20:40.973733
362,Clemente Aartsen,+387 954 151 8684,caartsena1@example.com,EZS-4RM-CZM,1967-07-11 12:20:40.973733
363,Theadora Kubica,+351 256 566 7345,tkubicaa2@businessinsider.com,3YN-VTN-XXA,2022-02-08 00:20:40.973733
364,Elihu Schroter,+55 735 741 9886,eschrotera3@gravatar.com,BHU-9O0-AAB,1966-12-18 06:20:40.973733
365,Zsa zsa Houltham,+62 542 535 1263,zzsaa4@usnews.com,JXX-TJT-X6P,1995-11-14 12:20:40.973733
366,Anna Blacksell,+1 336 643 5282,ablacksella5@liveinternet.ru,BFQ-354-96U,2002-11-19 06:20:40.973733
367,Rhonda Spottswood,+48 781 489 2942,rspottswooda6@hibu.com,D5A-7KZ-L8Y,1965-06-16 18:20:40.973733
368,Heddie Boast,+60 181 204 0390,hboasta7@barnesandnoble.com,FWL-OCL-M8X,1984-03-14 12:20:40.973733
369,Morganica Kreber,+63 514 652 1676,mkrebera8@ustream.tv,56O-WAM-AFU,1971-06-19 06:20:40.973733
1,Oralla Ingledew,+7 241 388 1911,oingledew0@tamu.edu,D7Z-YIX-MLM,1949-11-05 00:20:40.973733
2,Iolanthe Fontenot,+86 467 677 0584,ifontenot1@instagram.com,E4Z-CS7-9GJ,2020-12-08 18:20:40.973733
3,Orlan Chainey,+268 102 652 6906,ochainey2@desdev.cn,4BH-9OE-90T,1960-08-14 18:20:40.973733
4,Zebadiah Pluvier,+1 801 113 9262,zpluvier3@tmall.com,58M-YFF-3TE,1980-11-23 18:20:40.973733
5,Gabbi Kenrat,+84 129 877 3930,gkenrat4@zimbio.com,KX2-D9W-3VY,2009-08-18 00:20:40.973733
6,Rosamund Eccleshare,+63 432 599 4726,reccleshare5@google.com.hk,JKA-P1G-I95,1992-05-05 12:20:40.973733
7,Harold Mandell,+62 165 485 0863,hmandell6@paginegialle.it,Y4Z-5K1-CIT,1957-03-25 18:20:40.973733
8,Christopher Wilcocke,+55 480 112 5527,cwilcocke7@who.int,R4E-29W-J77,1989-08-03 00:20:40.973733
9,Zondra Haruard,+1 269 309 9033,zharuard8@dagondesign.com,D9Q-L8M-1VJ,1982-05-22 00:20:40.973733
10,Annelise Tonbridge,+62 556 420 0996,atonbridge9@angelfire.com,XA2-T0Q-CSG,1952-11-25 18:20:40.973733
11,Roger Attwoull,+46 138 734 0995,rattwoulla@opensource.org,Q0S-43S-7AW,1984-12-08 18:20:40.973733
12,Port Beilby,+380 720 655 6488,pbeilbyb@shutterfly.com,8YR-XFT-Q0V,2016-10-06 18:20:40.973733
13,Ingrim Merricks,+48 280 914 7453,imerricksc@deliciousdays.com,Z2O-SFD-SFK,1971-08-14 12:20:40.973733
14,Timoteo Jirusek,+86 958 712 4484,tjirusekd@techcrunch.com,ET0-GL9-48H,1957-01-24 18:20:40.973733
15,Orion Leese,+94 689 418 1586,oleesee@goodreads.com,K0M-468-7ID,2010-04-15 00:20:40.973733
16,Janelle Muro,+46 355 100 1709,jmurof@sitemeter.com,HSU-EIV-8X9,1976-10-01 18:20:40.973733
17,Datha Blune,+225 176 242 0546,dbluneg@google.ru,VY2-5Z3-FVO,1999-05-17 06:20:40.973733
18,Cointon Alwin,+86 657 950 3234,calwinh@pen.io,ZRH-AH9-6W1,2006-07-03 06:20:40.973733
19,Bill Suart,+1 417 985 0322,bsuarti@163.com,TWY-4VV-WA6,1950-03-10 00:20:40.973733
20,Alysia Dinsale,+46 889 876 3544,adinsalej@hubpages.com,6Y8-PT2-S8B,1969-02-22 18:20:40.973733
21,Sheridan Goldes,+33 318 240 3853,sgoldesk@yahoo.co.jp,1YF-7AD-M35,1989-01-26 18:20:40.973733
22,Siusan McMurthy,+86 431 260 7904,smcmurthyl@topsy.com,B9U-15V-CBH,1952-04-21 12:20:40.973733
23,Fredra Juszczyk,+86 738 745 1132,fjuszczykm@pbs.org,V7Q-0BB-J8E,1948-02-02 12:20:40.973733
24,Averil Keeting,+63 283 298 2049,akeetingn@microsoft.com,IST-EQA-EPC,1959-08-18 12:20:40.973733
25,Rafaelia Bielefeld,+55 406 911 4985,rbielefeldo@blinklist.com,6VZ-CJK-EEO,2011-01-20 06:20:40.973733
26,Brigid Vernham,+52 819 609 1567,bvernhamp@narod.ru,14I-B9V-66P,1962-12-12 06:20:40.973733
27,Gareth Lumley,+380 179 947 2045,glumleyq@cam.ac.uk,U36-AAQ-AL8,2014-09-03 06:20:40.973733
28,Delcine Haselhurst,+66 140 181 1779,dhaselhurstr@blogger.com,TMC-X08-5D7,1979-02-11 06:20:40.973733
29,Harlie Newstead,+86 169 433 0615,hnewsteads@ezinearticles.com,L9S-MO9-5V0,2022-01-22 00:20:40.973733
30,Charlene Dunnaway,+27 153 325 5603,cdunnawayt@chronoengine.com,DS8-2YH-8CT,2019-09-22 12:20:40.973733
31,Sonni Corner,+7 880 363 5646,scorneru@facebook.com,5B7-A7D-WWC,1975-06-26 06:20:40.973733
32,Elisabet Muino,+46 972 383 8420,emuinov@mapy.cz,AW6-420-586,1999-07-11 12:20:40.973733
33,Zaccaria Nussey,+58 438 868 9590,znusseyw@nhs.uk,V2W-B11-233,1979-08-23 12:20:40.973733
34,Orion Ashment,+380 947 857 1731,oashmentx@state.gov,WKT-1DD-VAK,2000-02-16 12:20:40.973733
35,Amelie Howlett,+63 246 545 7358,ahowletty@cam.ac.uk,9ND-J9V-VDN,1955-11-23 12:20:40.973733
36,Rosabel Wise,+33 154 624 2395,rwisez@vimeo.com,2VF-6SL-IO7,2023-08-07 12:20:40.973733
37,Susanne Borrowman,+55 910 622 8260,sborrowman10@reference.com,AFP-CIN-G3D,1988-06-19 12:20:40.973733
38,Cathrin Bartot,+62 441 274 9004,cbartot11@microsoft.com,AKK-WZF-IMP,1980-06-24 12:20:40.973733
39,Celeste Lombard,+241 697 849 1718,clombard12@wiley.com,U3A-Q83-N29,1949-05-18 18:20:40.973733
40,Bibby Blackah,+86 987 729 0630,bblackah13@pen.io,DAQ-BJX-CED,2016-07-31 18:20:40.973733
41,Corrina Fishenden,+62 683 255 0251,cfishenden14@nbcnews.com,371-3CZ-Q43,2002-06-19 00:20:40.973733
42,Madeline Hassan,+351 584 754 3681,mhassan15@w3.org,T0H-OSS-F3I,1944-10-01 18:20:40.973733
43,Kiah Cuerdall,+234 374 352 2319,kcuerdall16@dot.gov,0KP-14L-WFS,2024-04-28 12:20:40.973733
44,Norina Lante,+7 577 489 1150,nlante17@zimbio.com,8YH-GZL-G4Q,1960-09-06 18:20:40.973733
45,Thaddus Porcher,+380 424 947 4531,tporcher18@dedecms.com,9UL-G5G-ZBA,1951-07-12 12:20:40.973733
46,Gayel Beckingham,+58 883 813 6279,gbeckingham19@census.gov,RHD-TVX-QPV,2013-03-28 18:20:40.973733
47,Margot McNutt,+62 595 279 3649,mmcnutt1a@quantcast.com,GYA-S6U-FHX,1965-07-11 00:20:40.973733
48,Lishe OSherrin,+251 466 641 1243,losherrin1b@woothemes.com,8D0-3GT-5HW,1960-03-08 12:20:40.973733
49,Wes Vanichkin,+972 492 504 1040,wvanichkin1c@google.ru,PTK-0NP-0C0,1991-01-24 06:20:40.973733
50,Thorndike Bartholin,+86 742 184 5480,tbartholin1d@answers.com,U1U-NFH-YB5,2001-10-16 00:20:40.973733
51,Howard Towersey,+62 852 866 9299,htowersey1e@surveymonkey.com,DRX-I73-9NW,1960-01-24 12:20:40.973733
52,Estevan Andriveaux,+57 548 130 3752,eandriveaux1f@youtube.com,8KK-SD2-AKC,1971-03-31 06:20:40.973733
53,Charlene Giddings,+507 773 950 3631,cgiddings1g@diigo.com,89G-C3A-VBR,1981-03-28 18:20:40.973733
54,Car Shilito,+7 597 689 9170,cshilito1h@ning.com,MH6-5UC-O8C,1964-08-13 18:20:40.973733
55,Nissa Kidwell,+66 146 295 5044,nkidwell1i@hp.com,8E5-F44-H5H,1998-06-26 00:20:40.973733
56,Emilee Andriveau,+380 533 501 7715,eandriveau1j@free.fr,N6G-12L-F2M,1968-09-25 18:20:40.973733
57,Zsazsa Cheater,+62 687 281 9526,zcheater1k@vk.com,4BU-53A-SRK,2017-11-07 00:20:40.973733
58,Rosie Duigan,+7 169 201 3523,rduigan1l@mtv.com,HA3-Z1L-VDV,1991-07-22 12:20:40.973733
59,Madelina Hoovart,+51 296 883 7978,mhoovart1m@google.ca,FFZ-T1O-RW0,1989-09-08 00:20:40.973733
60,Karolina Corneliussen,+507 422 932 9468,kcorneliussen1n@friendfeed.com,Z6E-RLM-4N7,1961-10-15 00:20:40.973733
61,Devora Cole,+94 840 905 9118,dcole1o@dyndns.org,84K-K5X-27F,2014-03-23 00:20:40.973733
62,Sabrina Maddinon,+33 307 519 3181,smaddinon1p@sina.com.cn,CLQ-ESD-I6T,2018-03-25 00:20:40.973733
63,Tabbi Iacobetto,+1 232 556 8359,tiacobetto1q@gov.uk,D1B-KBG-7SE,1945-09-07 00:20:40.973733
64,Georgette Franckton,+63 875 173 7741,gfranckton1r@histats.com,6FC-22H-QQL,1961-12-08 00:20:40.973733
65,Gilbertine Casina,+880 425 991 9867,gcasina1s@infoseek.co.jp,Z6A-8A1-7NR,1945-12-24 00:20:40.973733
66,Gerda Gergus,+351 454 706 2827,ggergus1t@nih.gov,0KF-18F-FPR,1958-05-25 00:20:40.973733
67,Pam Spawforth,+62 942 193 7337,pspawforth1u@slashdot.org,ITU-8HB-J0U,2003-02-20 06:20:40.973733
68,Odey Helliker,+507 358 985 2429,ohelliker1v@usa.gov,V3J-ZKO-WOT,1991-10-03 12:20:40.973733
69,Salomone Binford,+63 967 700 9254,sbinford1w@ow.ly,B5A-9H6-G6E,1952-06-19 12:20:40.973733
70,Milena Conlon,+86 550 319 5639,mconlon1x@wikia.com,IJY-6O6-A8J,1959-03-02 06:20:40.973733
71,Zechariah Kezor,+86 627 704 6052,zkezor1y@yahoo.co.jp,3JG-IM9-1TQ,2009-04-04 18:20:40.973733
72,Cathyleen Petrussi,+967 947 262 9922,cpetrussi1z@toplist.cz,KEF-MLH-BF6,1974-06-26 00:20:40.973733
73,Burl Draysey,+994 279 183 2543,bdraysey20@forbes.com,WX2-0XX-UJ0,2018-05-29 00:20:40.973733
74,Dominick Huscroft,+48 718 672 6063,dhuscroft21@netscape.com,RQG-WF8-0UV,1962-10-06 06:20:40.973733
75,Devondra Pierce,+226 419 458 4554,dpierce22@joomla.org,7LQ-TY7-7TJ,1997-08-27 00:20:40.973733
76,Suzette Kobpal,+503 444 573 3119,skobpal23@boston.com,FN8-2X6-6IW,1964-11-23 18:20:40.973733
77,Stephi Snoday,+86 676 450 7187,ssnoday24@plala.or.jp,2BO-3ZJ-QRT,2011-10-31 12:20:40.973733
78,Esther Rubinowitsch,+62 634 403 4245,erubinowitsch25@google.com.au,PJ3-32H-LKM,1985-07-24 00:20:40.973733
79,Adiana Larkkem,+46 376 388 2305,alarkkem26@digg.com,6CN-0A0-Y0W,1948-06-29 18:20:40.973733
80,Merle Grieves,+33 287 913 5705,mgrieves27@samsung.com,50S-D9L-KTH,1976-10-26 18:20:40.973733
81,Nikoletta Filipyev,+7 675 392 5367,nfilipyev28@uiuc.edu,VQF-DOG-Y2H,1984-12-02 18:20:40.973733
82,Shayne Seden,+48 536 282 4336,sseden29@technorati.com,LJB-2PF-BCH,1990-04-17 00:20:40.973733
83,Viola Klulicek,+1 516 615 8063,vklulicek2a@netscape.com,QNA-81P-HM7,2015-04-18 06:20:40.973733
84,Janeva Hopkynson,+48 657 826 7965,jhopkynson2b@fastcompany.com,D6L-QOH-LXL,1995-03-08 06:20:40.973733
85,Hyacinthe Dorwood,+970 274 713 8392,hdorwood2c@joomla.org,TOY-VHU-YZX,1944-09-23 18:20:40.973733
86,Catlee Ferier,+86 998 812 7099,cferier2d@engadget.com,9BE-EU7-7DU,2017-07-17 00:20:40.973733
87,Kerri Stempe,+62 855 451 8363,kstempe2e@mashable.com,NBW-N9J-N1J,1966-10-22 06:20:40.973733
88,Mike Wells,+58 304 847 8019,mwells2f@51.la,C27-2C8-93R,1993-03-10 18:20:40.973733
89,Andreas Farran,+30 512 414 7663,afarran2g@reddit.com,9XE-I56-MG7,1954-07-23 06:20:40.973733
90,Vernon Dobbing,+420 263 229 2727,vdobbing2h@earthlink.net,J7A-ETW-2IN,1982-09-06 06:20:40.973733
91,Holly Rockhall,+46 658 527 1322,hrockhall2i@xrea.com,7RB-6V6-FER,2009-09-16 00:20:40.973733
92,Clifford Fynan,+81 182 216 2557,cfynan2j@toplist.cz,1VU-J00-KM1,1964-07-01 18:20:40.973733
93,West Scullin,+1 954 117 7964,wscullin2k@twitter.com,NIG-K8N-9OM,2012-10-18 18:20:40.973733
462,Bernita McNaughton,+98 581 481 3542,bmcnaughtonct@npr.org,FYV-QYL-3QD,2013-06-15 18:20:40.973733
463,Currie Dorian,+62 590 326 5987,cdoriancu@rambler.ru,41N-FS2-WZA,2010-08-04 06:20:40.973733
464,Hirsch Palombi,+86 652 925 7138,hpalombicv@sbwire.com,SLA-B45-9B5,1991-02-13 06:20:40.973733
465,Stafford Ghiraldi,+54 304 609 4415,sghiraldicw@sitemeter.com,DCF-S54-MJC,1982-01-03 00:20:40.973733
466,Carleton Browncey,+62 919 668 4122,cbrownceycx@slashdot.org,618-YDU-CLR,2010-04-19 00:20:40.973733
467,Bibbie Creed,+420 663 103 1626,bcreedcy@blogspot.com,EV8-UR1-8Q8,2016-11-05 18:20:40.973733
468,Corinne Conelly,+47 784 164 8679,cconellycz@hexun.com,0KE-NOK-1U9,1985-07-19 00:20:40.973733
469,Barnabe Strelitz,+62 889 401 7512,bstrelitzd0@google.es,JJM-CLL-8LR,1955-12-01 12:20:40.973733
470,Fredric Dowzell,+98 737 360 2663,fdowzelld1@jalbum.net,5A2-CZX-SP4,1973-08-20 00:20:40.973733
471,Margit Picopp,+420 958 371 8683,mpicoppd2@dropbox.com,L5T-WDU-WDF,1991-09-10 12:20:40.973733
472,Arnie Shovelton,+98 578 399 1830,ashoveltond3@rediff.com,XA0-4TJ-GLQ,1954-04-26 00:20:40.973733
473,Ginny Semaine,+86 459 726 5403,gsemained4@latimes.com,WVJ-2Z5-BY4,2003-11-16 12:20:40.973733
474,Brewer Niaves,+55 184 983 2582,bniavesd5@linkedin.com,EQ1-QO6-7XG,1944-07-14 18:20:40.973733
475,Reina Attwoull,+359 440 951 8853,rattwoulld6@list-manage.com,YNV-8QU-U9U,1985-02-04 18:20:40.973733
476,Tiff Lecount,+591 567 941 9619,tlecountd7@discovery.com,ADT-TOY-9NP,2010-11-07 06:20:40.973733
477,Gale Cribbott,+62 581 472 6405,gcribbottd8@epa.gov,P4V-GEO-M3Z,2018-08-29 06:20:40.973733
478,Legra Hunter,+82 621 874 4041,lhunterd9@youtu.be,JHS-X93-6T7,1978-04-01 00:20:40.973733
479,Minna Christmas,+46 865 618 7879,mchristmasda@constantcontact.com,87L-ZZY-TSF,1998-12-11 06:20:40.973733
480,Beth Johnsey,+63 653 118 5400,bjohnseydb@examiner.com,QNV-FOP-5PU,1956-12-06 18:20:40.973733
481,Cassius Ladell,+976 875 895 5963,cladelldc@illinois.edu,T55-DC5-SXN,2023-04-14 06:20:40.973733
482,Car Baumford,+30 609 523 1548,cbaumforddd@hostgator.com,9S2-4F9-DCW,1993-11-18 00:20:40.973733
483,Madelin McCurtin,+964 178 160 5471,mmccurtinde@businessinsider.com,JKA-QO1-P8U,1957-11-19 00:20:40.973733
484,Elisabet Peregrine,+62 674 932 9714,eperegrinedf@cmu.edu,ZS4-6YV-EZQ,1984-07-24 18:20:40.973733
485,Tabby Van Rembrandt,+7 120 399 5238,tvandg@google.com.au,SB6-0BM-IEZ,1957-08-19 00:20:40.973733
486,Clementia Stansbie,+380 648 866 6445,cstansbiedh@infoseek.co.jp,Y1A-M16-84B,1963-10-12 12:20:40.973733
487,Constancy Ceyssen,+86 912 779 1444,cceyssendi@independent.co.uk,J3L-EG4-OTL,2001-10-24 00:20:40.973733
488,Delinda Taig,+62 452 554 8263,dtaigdj@w3.org,TLR-SG4-YAB,1987-11-11 12:20:40.973733
489,Danyelle Jaouen,+86 537 698 0459,djaouendk@studiopress.com,YOZ-3DO-TCR,2004-03-06 12:20:40.973733
490,Prissie Ewbanck,+62 464 898 0637,pewbanckdl@netvibes.com,M3L-O2O-R6Q,1961-10-31 00:20:40.973733
491,Ignazio Pear,+86 454 697 9529,ipeardm@w3.org,TH3-76X-NJ7,1997-08-03 00:20:40.973733
492,Ailis Maytum,+230 358 957 6801,amaytumdn@reference.com,8EE-F8Y-M3U,1990-04-21 00:20:40.973733
493,Immanuel Eburne,+86 188 963 5859,ieburnedo@yellowpages.com,K7X-RY0-NJ6,2000-09-16 18:20:40.973733
494,Pip Stodhart,+7 644 981 6463,pstodhartdp@chronoengine.com,F4Q-05T-ZVC,1984-05-17 12:20:40.973733
495,Linda Dennert,+385 453 799 9237,ldennertdq@chicagotribune.com,P3S-5BK-DJH,1994-11-17 06:20:40.973733
496,Araldo Pickles,+86 889 930 7605,apicklesdr@bing.com,5ZB-K2N-JRP,1962-02-07 00:20:40.973733
497,Lucy McIlwreath,+963 412 938 1213,lmcilwreathds@pinterest.com,Q58-ST4-YFH,1970-11-19 06:20:40.973733
498,Stella Bolt,+93 618 743 3097,sboltdt@domainmarket.com,LWE-A57-U76,1964-11-20 18:20:40.973733
499,Ashia Maybery,+52 691 656 8559,amayberydu@blog.com,O9U-739-ODZ,1997-08-01 00:20:40.973733
500,Marc Petrillo,+504 607 110 5457,mpetrillodv@bluehost.com,WAR-TYV-G56,2010-08-01 06:20:40.973733
501,Trent Nares,+55 694 864 8517,tnaresdw@oaic.gov.au,AVZ-GXD-69N,2015-01-11 06:20:40.973733
502,Rubie Mayworth,+86 800 223 1151,rmayworthdx@patch.com,Z9X-ANI-LA0,1984-01-08 12:20:40.973733
503,Wit Eyckelberg,+86 530 630 6935,weyckelbergdy@craigslist.org,H1U-FQX-YB1,1956-11-08 18:20:40.973733
504,Lissa Rotte,+86 435 546 8486,lrottedz@accuweather.com,QOR-L42-2ZF,1973-06-17 18:20:40.973733
505,Joela Kaser,+245 236 659 6034,jkasere0@bloomberg.com,HPF-GHR-SSN,1951-09-14 12:20:40.973733
506,Ralf Lampitt,+970 900 107 7167,rlampitte1@storify.com,C0Q-CXK-QIJ,1952-01-07 12:20:40.973733
507,Farah Volk,+62 432 467 7592,fvolke2@elpais.com,RRQ-XU8-9RX,1953-07-31 00:20:40.973733
508,Lek Luxton,+84 616 863 6169,lluxtone3@163.com,8C6-U8N-6CE,2014-08-30 06:20:40.973733
509,Fanni Klink,+502 325 717 0426,fklinke4@google.com.hk,XRX-SSY-XE3,2008-03-27 12:20:40.973733
510,Ernesto Antao,+225 542 416 0622,eantaoe5@taobao.com,HZD-7KA-HYE,1972-05-11 12:20:40.973733
511,Gregg Regardsoe,+63 164 157 3243,gregardsoee6@slashdot.org,I1G-MZG-92I,2000-11-02 18:20:40.973733
512,Walden Haywood,+62 405 258 7860,whaywoode7@blogs.com,JL4-UVU-IS7,1962-10-19 06:20:40.973733
513,Bertine Jeromson,+46 645 978 0842,bjeromsone8@si.edu,YFB-DNF-8IL,1986-03-21 00:20:40.973733
514,Spencer Gawthorp,+52 167 323 6751,sgawthorpe9@github.io,HMO-3ZH-D3V,2023-03-14 06:20:40.973733
515,Daryl Branchflower,+63 352 373 0377,dbranchflowerea@house.gov,QSE-HGH-D6J,1988-08-22 18:20:40.973733
516,Audrey Matthisson,+86 351 459 4028,amatthissoneb@biblegateway.com,BLY-TJ2-OCR,2017-11-27 00:20:40.973733
517,Lurleen Birtle,+62 693 292 7480,lbirtleec@yahoo.com,XP8-ZS7-6RH,2019-10-31 12:20:40.973733
518,Steffie Rosewarne,+86 842 122 1141,srosewarneed@unblog.fr,OWQ-2B0-XOZ,1954-12-25 06:20:40.973733
519,Clifford Leathe,+86 986 249 2830,cleatheee@moonfruit.com,ED0-GLW-HPF,1964-11-07 18:20:40.973733
520,Melisenda Brauner,+86 981 190 2586,mbrauneref@drupal.org,PSO-3XW-ULY,1965-04-18 18:20:40.973733
521,Bradly Arnet,+55 548 410 8927,barneteg@squidoo.com,9CP-SSJ-QQT,1972-03-20 12:20:40.973733
522,Herschel Willmore,+62 631 749 9175,hwillmoreeh@simplemachines.org,50L-SXA-I7F,2005-01-18 18:20:40.973733
523,Evonne Filippi,+252 578 999 6772,efilippiei@census.gov,ZJR-J60-43K,2004-11-26 18:20:40.973733
524,Phaidra Ogan,+7 174 828 5166,poganej@bizjournals.com,TRT-EA1-R4E,1998-05-30 00:20:40.973733
525,Sosanna Curtayne,+86 108 612 1765,scurtayneek@1und1.de,4FY-8EI-R5G,2023-01-09 06:20:40.973733
526,Fanchon Stiff,+86 909 768 2288,fstiffel@pagesperso-orange.fr,887-KCV-UCG,1972-08-05 18:20:40.973733
527,Kelila Stefi,+57 684 434 1592,kstefiem@engadget.com,RG3-T4E-XF5,1955-08-10 12:20:40.973733
528,Brigida Iwanicki,+57 300 372 0027,biwanickien@naver.com,0YI-471-V7I,1988-09-17 18:20:40.973733
529,Gifford Bertenshaw,+593 448 402 7740,gbertenshaweo@springer.com,D8I-5DE-YJN,1996-11-12 18:20:40.973733
530,Susanne Stainbridge,+51 416 921 4451,sstainbridgeep@bravesites.com,8J5-DG8-06O,1969-06-29 00:20:40.973733
531,Kris Thebe,+7 834 363 0703,kthebeeq@baidu.com,KCT-6CO-NXE,1954-08-04 06:20:40.973733
532,Anjela Gilhoolie,+216 202 823 7411,agilhoolieer@elpais.com,0BC-H8Y-1AQ,1996-01-30 12:20:40.973733
533,Dale Westcar,+351 893 546 7655,dwestcares@indiegogo.com,OLK-NR3-N1H,1959-01-02 06:20:40.973733
534,Robinson Etock,+86 136 193 3195,retocket@tamu.edu,FTU-Z85-1R7,1979-01-31 06:20:40.973733
535,Jessi Stanwix,+352 921 434 6766,jstanwixeu@bloglines.com,BH9-3AL-XPK,1948-11-16 18:20:40.973733
536,Janice McRuvie,+504 936 267 9365,jmcruvieev@china.com.cn,R50-V32-T4J,2006-03-06 00:20:40.973733
537,Aguistin Borkett,+46 938 441 9230,aborkettew@newsvine.com,DPR-O70-9HI,1974-06-22 00:20:40.973733
538,Diane-marie Dent,+86 519 960 7881,ddentex@ameblo.jp,A7J-LAV-V9S,1974-10-22 06:20:40.973733
539,Arch Yakutin,+62 115 542 5279,ayakutiney@clickbank.net,HWG-HCX-XXA,1956-12-02 18:20:40.973733
540,Ravid Weekland,+63 400 816 0172,rweeklandez@twitter.com,AFO-9EF-0BH,1988-01-23 12:20:40.973733
541,Dominique Dart,+251 392 953 7695,ddartf0@abc.net.au,H0X-8WN-Z3W,1947-06-27 12:20:40.973733
542,Etti Greensmith,+218 300 518 6348,egreensmithf1@netscape.com,KYO-Y5H-K7A,1954-10-11 06:20:40.973733
543,Meier Ondra,+46 627 392 2080,mondraf2@sourceforge.net,R0N-A84-C3X,1970-01-10 00:20:40.973733
544,Lorain Lidgely,+62 702 186 1049,llidgelyf3@chron.com,FON-Z22-10Q,1997-12-22 00:20:40.973733
545,Melly Alexandersen,+86 624 121 2174,malexandersenf4@blogs.com,SLK-WSM-6AR,1993-05-15 18:20:40.973733
546,Doyle Meachem,+98 818 929 0259,dmeachemf5@hhs.gov,WNC-93B-HQG,1996-12-31 18:20:40.973733
547,Dianne Ascrofte,+33 819 897 1613,dascroftef6@uiuc.edu,CCM-2CZ-QMY,2010-04-05 00:20:40.973733
548,Madison Wandless,+7 156 802 8914,mwandlessf7@ycombinator.com,Z1N-L2Z-RQ3,1953-05-22 18:20:40.973733
549,West Munkley,+33 363 405 9765,wmunkleyf8@netscape.com,E92-Z8X-XYV,1979-08-02 12:20:40.973733
550,Shelagh Bartelet,+55 786 330 2624,sbarteletf9@dell.com,NOB-KEW-Y5L,1997-08-12 00:20:40.973733
551,Collete Tarrant,+7 182 660 4173,ctarrantfa@topsy.com,1T1-FZ7-2JX,1972-03-31 12:20:40.973733
552,Reeba Merrydew,+1 414 279 0501,rmerrydewfb@csmonitor.com,8PG-ATH-E66,1980-02-19 12:20:40.973733
553,Korella Al Hirsi,+57 634 472 9697,kalfc@examiner.com,JWG-6QI-CFB,1958-07-09 06:20:40.973733
554,Paule Beverley,+234 653 874 7571,pbeverleyfd@myspace.com,15Z-0UK-UKL,2024-05-13 12:20:40.973733
555,John Garnam,+48 302 504 0800,jgarnamfe@netscape.com,XKL-01M-YON,1969-02-13 18:20:40.973733
556,Michael Ingrey,+86 958 943 1933,mingreyff@g.co,AS2-21G-OV4,1945-08-17 00:20:40.973733
557,Arabele Belfitt,+46 143 930 9548,abelfittfg@feedburner.com,Q2M-8N7-OW5,2013-10-24 00:20:40.973733
558,Cirilo Bail,+994 741 849 8024,cbailfh@example.com,GRW-PY7-6KC,1965-03-31 18:20:40.973733
559,Ada Klainer,+47 988 732 4839,aklainerfi@noaa.gov,MFU-5HQ-O3F,2008-09-15 18:20:40.973733
560,Dion Ridewood,+61 612 837 1677,dridewoodfj@google.pl,QK7-M7M-QJ5,1974-12-15 06:20:40.973733
561,Morganica Finnemore,+62 222 268 9835,mfinnemorefk@theguardian.com,M2W-EHS-YP3,1988-01-24 12:20:40.973733
562,Claire Bleazard,+358 941 810 2642,cbleazardfl@wix.com,LPB-5PF-P1C,1951-01-10 06:20:40.973733
563,Josi Dunsleve,+86 776 144 7959,jdunslevefm@accuweather.com,15K-BQ5-4EZ,1996-12-05 18:20:40.973733
564,Clyde Chastang,+86 319 509 8617,cchastangfn@oakley.com,C7M-205-85L,1986-09-19 06:20:40.973733
565,Noell Clappison,+48 137 934 5686,nclappisonfo@seattletimes.com,H3B-JNK-6GE,1996-08-03 18:20:40.973733
566,Elsy Davydoch,+55 683 339 9250,edavydochfp@businessinsider.com,QLA-4VY-KLY,1956-04-09 12:20:40.973733
567,Waverley Taffurelli,+55 901 351 3567,wtaffurellifq@wufoo.com,03H-KG6-63X,1995-02-02 06:20:40.973733
568,Thedrick Currm,+7 923 796 3359,tcurrmfr@howstuffworks.com,GNW-2TJ-D24,1964-08-26 18:20:40.973733
569,Rollins Blindermann,+66 912 349 4290,rblindermannfs@cnet.com,OJ2-VNE-UNK,1997-11-28 00:20:40.973733
570,Shelby Crinage,+86 972 290 5340,scrinageft@globo.com,Y8C-WTN-R27,1973-02-02 18:20:40.973733
571,Dolly Heistermann,+351 982 954 5242,dheistermannfu@netlog.com,YQS-YCS-EE6,2010-07-25 06:20:40.973733
572,Marti Emblow,+234 518 179 1564,memblowfv@slashdot.org,MG0-NZY-3JB,1988-04-26 12:20:40.973733
573,Chlo Brookson,+86 776 883 5860,cbrooksonfw@answers.com,GL9-KIQ-YDN,1980-08-18 18:20:40.973733
574,Almire Gorling,+86 108 579 9411,agorlingfx@businessweek.com,T5R-KE6-0TV,1959-08-13 12:20:40.973733
575,Meggy Foley,+7 918 251 5287,mfoleyfy@sphinn.com,MKS-LJ8-Y3U,1965-12-11 00:20:40.973733
576,Lindsey Daniau,+505 521 792 9663,ldaniaufz@mapquest.com,7UJ-EB9-3HD,2021-12-21 00:20:40.973733
577,Thaddus Fittes,+63 814 435 7664,tfittesg0@craigslist.org,85D-BRN-IGH,1997-08-20 00:20:40.973733
578,Basilio Thewlis,+62 278 463 5554,bthewlisg1@salon.com,XLJ-GNS-FKF,2008-11-29 18:20:40.973733
579,Piotr McKeevers,+381 627 249 6038,pmckeeversg2@cloudflare.com,J9W-YF6-6VQ,1951-08-25 12:20:40.973733
580,Madge Willetts,+880 214 584 3772,mwillettsg3@ucsd.edu,2EU-BYQ-Q72,2003-07-03 12:20:40.973733
581,Thom Robers,+351 693 627 5674,trobersg4@noaa.gov,V1U-E07-4NI,1970-05-23 00:20:40.973733
582,Helen Tappor,+7 884 180 7040,htapporg5@aol.com,ZFM-AIL-AQN,1960-10-19 18:20:40.973733
583,Seth Thomasset,+7 715 861 4867,sthomassetg6@ycombinator.com,LKE-X1T-4EM,2001-01-23 18:20:40.973733
584,Robinet Dunlap,+33 658 173 1085,rdunlapg7@sohu.com,H5B-3DZ-UBQ,1988-07-05 18:20:40.973733
585,Betteann McClinton,+48 503 293 4610,bmcclintong8@360.cn,NZY-SO4-9SN,1956-09-11 18:20:40.973733
586,Fae Curro,+234 167 991 8869,fcurrog9@bloomberg.com,YO9-1FO-KPM,1969-03-29 18:20:40.973733
587,Sansone Murphy,+389 557 574 1265,smurphyga@berkeley.edu,KUP-XG4-HVB,1986-09-15 06:20:40.973733
588,Tessy Byne,+86 494 694 1605,tbynegb@ucsd.edu,YSA-NKO-SGX,2005-10-26 00:20:40.973733
589,Kayley Yegorovnin,+54 879 711 8244,kyegorovningc@yandex.ru,YP4-9HG-H5B,1960-12-08 18:20:40.973733
590,Honor Rudyard,+86 214 858 5848,hrudyardgd@angelfire.com,G59-424-5YR,1949-10-27 00:20:40.973733
591,Jarrid Lissaman,+420 721 406 6061,jlissamange@youtu.be,RFW-FGX-LPM,2017-12-26 00:20:40.973733
592,Brenn Marusic,+86 366 840 2292,bmarusicgf@ustream.tv,A44-29W-SWR,1999-09-22 12:20:40.973733
593,Elinor Whawell,+48 296 891 3766,ewhawellgg@ihg.com,GJ1-LVO-ZVL,2000-10-17 18:20:40.973733
594,Wynn Grollmann,+86 697 992 6286,wgrollmanngh@blogger.com,9LM-4IY-8NA,1981-10-18 00:20:40.973733
595,Mickie Poulney,+62 525 888 5399,mpoulneygi@army.mil,W9N-GF1-CKX,2008-05-21 12:20:40.973733
596,Garv Jumeau,+33 675 872 8503,gjumeaugj@icq.com,7IU-6HZ-44V,1952-04-29 12:20:40.973733
597,Violet Di Giorgio,+63 920 957 2411,vdigk@fc2.com,FI5-416-3SJ,1990-08-29 06:20:40.973733
598,Bertine Ryle,+970 917 505 5345,brylegl@php.net,L1S-V3N-548,1960-08-29 18:20:40.973733
599,Buddy Lyall,+237 122 471 5445,blyallgm@blogspot.com,HCS-ECE-14A,1995-12-01 12:20:40.973733
600,Nanette Spolton,+86 594 108 9509,nspoltongn@seesaa.net,ZMU-5RS-7RD,1992-02-11 12:20:40.973733
601,Daveta Kneal,+86 369 648 0719,dknealgo@cnbc.com,T4W-TBK-6BO,1951-10-07 12:20:40.973733
602,Jack Henrie,+62 469 937 0790,jhenriegp@eventbrite.com,R0E-8ER-FOS,1985-11-29 00:20:40.973733
603,Zebedee Heinsen,+223 726 307 0696,zheinsengq@indiegogo.com,3JM-YTQ-F0O,1996-12-21 18:20:40.973733
604,Gris Aizlewood,+81 579 808 4958,gaizlewoodgr@constantcontact.com,PPT-G4X-1ZR,2006-12-05 06:20:40.973733
605,Ailina Brouard,+258 868 225 1297,abrouardgs@jigsy.com,XNC-LZS-ICN,1982-08-17 06:20:40.973733
606,Torre Hull,+62 731 291 8952,thullgt@hp.com,HL3-IDI-BRS,1950-05-21 00:20:40.973733
607,Aidan Mohring,+1 356 417 9430,amohringgu@abc.net.au,DN9-Z2T-1N4,2004-03-05 12:20:40.973733
608,Reynolds Mustoe,+62 239 845 8327,rmustoegv@who.int,W9R-JFX-E99,1975-04-02 06:20:40.973733
609,Elysia Nellen,+86 665 189 4619,enellengw@chron.com,TPF-F1J-M2G,1946-08-05 06:20:40.973733
610,Cynthie Llopis,+86 759 969 5152,cllopisgx@bloglovin.com,MFU-EQK-C1W,1956-10-28 18:20:40.973733
611,Donnie Rosini,+380 512 293 7973,drosinigy@blogtalkradio.com,CGN-1VG-RQE,1965-07-09 00:20:40.973733
612,Bentlee Bineham,+62 891 510 4457,bbinehamgz@patch.com,LRD-4R4-A5K,1953-12-09 00:20:40.973733
613,Lindsay Mc Caughen,+504 549 490 4146,lmch0@parallels.com,3KF-2U0-82H,2011-10-06 12:20:40.973733
614,Jessee Schuelcke,+86 733 942 6066,jschuelckeh1@answers.com,SHV-4NQ-DGJ,2020-01-25 12:20:40.973733
615,Vinnie Petrus,+34 766 959 0247,vpetrush2@columbia.edu,DAZ-ZCN-Q6W,2001-12-24 00:20:40.973733
616,Ginni Callendar,+62 539 427 4417,gcallendarh3@spotify.com,ZJS-RH9-Z0M,2010-09-15 06:20:40.973733
617,Linn Dunckley,+48 983 829 5574,ldunckleyh4@cbslocal.com,2CK-3AP-47V,1962-06-04 00:20:40.973733
618,Adolph Astlett,+966 543 696 3939,aastletth5@nba.com,EZ4-7I5-EF8,1967-11-21 12:20:40.973733
619,Beilul Knoble,+62 643 847 1691,bknobleh6@joomla.org,9F0-OZT-4XE,1972-08-22 18:20:40.973733
620,Dalt Drever,+86 855 765 4081,ddreverh7@cargocollective.com,C00-SKK-PHT,1999-06-28 12:20:40.973733
621,Giacinta Lowde,+598 241 911 0173,glowdeh8@friendfeed.com,RX2-KGT-7CV,1951-05-03 06:20:40.973733
622,My Threadgill,+51 538 923 7622,mthreadgillh9@stumbleupon.com,GEH-6R9-BOO,2022-11-06 06:20:40.973733
623,Jedidiah Barkaway,+223 786 377 7639,jbarkawayha@disqus.com,IJ3-1QJ-B0G,2009-05-23 18:20:40.973733
624,Petronella Fisbburne,+420 805 412 4593,pfisbburnehb@fastcompany.com,6YP-868-HY0,1967-08-12 12:20:40.973733
625,Florenza Vigietti,+86 328 306 1759,fvigiettihc@edublogs.org,EM4-KGM-6V6,2018-06-29 06:20:40.973733
626,Jordain Slade,+86 115 565 1565,jsladehd@nps.gov,003-D5A-FGA,1953-12-01 00:20:40.973733
627,Paula Twinborne,+86 773 180 6339,ptwinbornehe@edublogs.org,MK4-EGK-K5W,1998-01-18 00:20:40.973733
628,Jody Kitchingman,+58 210 831 7606,jkitchingmanhf@posterous.com,YUW-XPL-5UI,2024-03-19 12:20:40.973733
629,Hanson Lyptrade,+86 592 455 7604,hlyptradehg@springer.com,M8C-E6D-SKW,1970-02-11 00:20:40.973733
630,Walt McNair,+351 194 634 6571,wmcnairhh@wikipedia.org,8R2-9D3-8ZX,1977-11-12 00:20:40.973733
631,Malissia Eshmade,+251 895 685 7802,meshmadehi@samsung.com,GNY-2SI-57G,1955-03-25 06:20:40.973733
632,Sybilla DEnrico,+86 353 179 3650,sdenricohj@phoca.cz,JJ5-VGW-TPV,1949-07-24 00:20:40.973733
633,Leona Schinetti,+30 571 514 0170,lschinettihk@sbwire.com,8KK-H10-FPN,1977-09-15 00:20:40.973733
634,Corbin Hoovart,+7 713 873 6043,choovarthl@netscape.com,HI2-XM0-YW0,1982-03-07 00:20:40.973733
635,Aurilia Haulkham,+82 716 984 6759,ahaulkhamhm@wikimedia.org,3FA-MW2-OA7,1996-11-11 18:20:40.973733
636,Ingaborg Blemen,+86 947 169 4876,iblemenhn@google.it,QBZ-ICO-IKH,1978-07-21 06:20:40.973733
637,Wendel Walhedd,+1 648 225 8229,wwalheddho@nationalgeographic.com,8I2-67S-5A0,1974-12-03 06:20:40.973733
638,Sebastiano Stiff,+81 773 481 0275,sstiffhp@plala.or.jp,H6R-9O4-6R3,1952-06-03 12:20:40.973733
639,Urban Roads,+374 135 618 0352,uroadshq@arizona.edu,339-RMC-YLF,1947-05-25 06:20:40.973733
640,Dev Currey,+1 183 613 7374,dcurreyhr@intel.com,90U-E4I-E2I,1979-12-16 12:20:40.973733
641,Pandora Veale,+33 620 349 1618,pvealehs@deliciousdays.com,CHH-UCM-8P3,1979-12-23 12:20:40.973733
642,Francyne O Bee,+420 516 387 6608,foht@skype.com,NFO-HT7-8TI,2016-10-11 18:20:40.973733
643,Lise Lunk,+7 366 492 7795,llunkhu@washingtonpost.com,1LK-3VH-P5Q,1950-12-29 06:20:40.973733
644,Ysabel Cuddehay,+374 741 797 3738,ycuddehayhv@cisco.com,18Y-3AY-P4X,2021-04-23 18:20:40.973733
645,Lionel Chard,+420 834 743 2101,lchardhw@fotki.com,1SK-P47-QTC,1963-05-19 06:20:40.973733
646,Rudy Tewnion,+54 531 251 2782,rtewnionhx@cpanel.net,F7E-6R1-MFC,1973-01-15 18:20:40.973733
647,Lynn Demageard,+62 696 533 0581,ldemageardhy@comcast.net,J3M-R6N-BUB,1982-07-29 06:20:40.973733
648,Amaleta Rickett,+1 318 745 9817,aricketthz@bing.com,6MV-4OX-2GD,1980-07-26 18:20:40.973733
649,Lorenzo Howorth,+86 551 362 2178,lhoworthi0@joomla.org,KS4-2V1-DH8,1997-06-15 18:20:40.973733
650,Regine Gruczka,+86 321 345 6704,rgruczkai1@scientificamerican.com,8IB-CXN-NR2,1953-05-02 18:20:40.973733
651,Rachelle Feldon,+81 691 215 5664,rfeldoni2@ucoz.com,Q0Y-WG2-E54,2012-03-02 12:20:40.973733
652,Melosa Elmhirst,+52 947 128 4893,melmhirsti3@xrea.com,VMG-GYF-WOG,2000-05-02 12:20:40.973733
653,Dal Castillon,+63 480 749 3038,dcastilloni4@gizmodo.com,11U-31H-2RU,1980-04-13 12:20:40.973733
654,Renard Wilce,+46 798 326 9153,rwilcei5@icq.com,TOP-L8A-AO7,2021-04-02 18:20:40.973733
655,Patton Jacomb,+52 697 880 1510,pjacombi6@issuu.com,8SM-YQE-7C6,1999-12-28 12:20:40.973733
656,Florette Licas,+351 300 788 4931,flicasi7@guardian.co.uk,5Y3-NMS-0D0,2000-01-02 12:20:40.973733
657,Dina Kemston,+86 404 186 9397,dkemstoni8@addtoany.com,VC1-OZK-Z2W,2012-05-06 12:20:40.973733
658,Claus Bownas,+86 631 323 7841,cbownasi9@biblegateway.com,4ZX-QWN-5ZE,1974-10-20 06:20:40.973733
659,Christie Whines,+57 819 756 2772,cwhinesia@foxnews.com,GSO-8OF-VGL,1999-04-08 06:20:40.973733
660,Joey Syer,+1 665 660 4847,jsyerib@unblog.fr,6JF-TM9-4DM,2019-07-23 12:20:40.973733
661,Ingeberg Cockshot,+1 162 455 2878,icockshotic@clickbank.net,GFA-RJ5-X9X,1970-02-01 00:20:40.973733
662,Aguie Tiffany,+52 807 206 2126,atiffanyid@a8.net,KO2-WIU-B2G,2023-06-17 06:20:40.973733
663,Drona Wyett,+1 542 428 4253,dwyettie@creativecommons.org,P4W-3GZ-GF9,2006-04-18 00:20:40.973733
664,Lethia Mallock,+86 660 845 8280,lmallockif@blogtalkradio.com,L2P-S6X-N6Y,1999-06-16 06:20:40.973733
665,Durant Danby,+48 141 807 5826,ddanbyig@census.gov,345-O12-BMT,2012-01-17 12:20:40.973733
666,Reid Loveless,+420 372 525 8008,rlovelessih@over-blog.com,N03-W10-PNI,1979-10-15 12:20:40.973733
667,Karlens Goford,+86 927 877 0962,kgofordii@archive.org,U6T-M5M-P3R,1989-05-13 18:20:40.973733
668,Shaylah Heinsius,+86 694 187 1243,sheinsiusij@bluehost.com,HVK-VN3-VQN,1971-12-07 12:20:40.973733
669,Lutero Cackett,+507 590 676 6882,lcackettik@booking.com,USP-D3S-LC9,1993-01-28 18:20:40.973733
670,Patsy Scamaden,+86 922 721 9993,pscamadenil@geocities.com,9VU-06R-70A,2019-10-16 12:20:40.973733
671,Jarrett Buchan,+51 623 751 8668,jbuchanim@flickr.com,KIV-L8D-B5N,2009-09-27 00:20:40.973733
672,Smith Jurczak,+374 179 432 2879,sjurczakin@tuttocitta.it,404-PEH-84B,1999-11-07 12:20:40.973733
673,Tirrell Really,+7 203 260 2931,treallyio@hhs.gov,94O-5G8-VN8,1998-07-24 06:20:40.973733
674,Jeniffer Pingston,+351 537 872 8054,jpingstonip@rambler.ru,WIJ-3LG-GZ6,1994-06-27 06:20:40.973733
675,Cindelyn Moulden,+86 372 861 6431,cmouldeniq@businessweek.com,NQU-H7H-7L8,1968-06-22 12:20:40.973733
676,Grissel Devil,+62 873 330 6961,gdevilir@weibo.com,XU7-F45-YG8,1983-12-01 12:20:40.973733
677,Jacquie Cluely,+62 736 842 7255,jcluelyis@si.edu,E66-IJ7-XCV,2020-07-28 18:20:40.973733
678,Frankie Feilden,+86 561 949 0486,ffeildenit@ucsd.edu,62Z-TV6-I8I,1980-11-05 18:20:40.973733
679,Alfredo Capaldo,+86 356 848 7808,acapaldoiu@virginia.edu,EW5-THS-24X,1973-03-14 18:20:40.973733
680,Valentina Manchester,+86 387 374 1100,vmanchesteriv@comcast.net,1GV-OCU-YUW,1990-02-10 00:20:40.973733
681,Gordon Connechie,+62 171 974 6209,gconnechieiw@miitbeian.gov.cn,GVC-431-GJI,1950-08-01 06:20:40.973733
682,Bunni Rewcastle,+86 969 556 4660,brewcastleix@flavors.me,OEE-4PG-W6S,1993-01-13 18:20:40.973733
683,Arlene Ramelet,+53 249 725 4717,arameletiy@ihg.com,4GB-KW9-CVE,1995-03-23 06:20:40.973733
684,Merill Rens,+86 575 793 8596,mrensiz@is.gd,LRE-07X-RDV,1976-05-28 12:20:40.973733
685,Aldis Alphege,+7 775 670 9373,aalphegej0@adobe.com,XGU-KAR-DGU,1989-04-17 18:20:40.973733
686,Dyann Fleis,+381 775 163 3761,dfleisj1@jugem.jp,IMI-UUI-AL1,1947-05-02 06:20:40.973733
687,Adara Larby,+1 256 119 2507,alarbyj2@simplemachines.org,KWP-GBW-HKW,1965-12-01 00:20:40.973733
688,Estrella Baulk,+62 762 990 9114,ebaulkj3@house.gov,DIK-ZRZ-WHI,2015-02-08 06:20:40.973733
689,Pattin Sivills,+380 157 819 8285,psivillsj4@chron.com,GV7-117-A1H,1963-03-15 06:20:40.973733
690,Benyamin Humbie,+7 686 561 9625,bhumbiej5@purevolume.com,A1Y-RVR-45J,2014-10-12 06:20:40.973733
691,Sheffield Mouser,+420 821 821 6404,smouserj6@businesswire.com,HCO-IMA-OT1,1951-01-08 06:20:40.973733
692,Padriac Hansen,+1 679 528 6074,phansenj7@sphinn.com,NZ4-4X7-WMS,1950-03-04 00:20:40.973733
693,Agata Cockshott,+52 359 848 1972,acockshottj8@bluehost.com,ZZ6-6YG-QLW,2010-05-12 00:20:40.973733
694,Clerkclaude Janway,+55 495 450 5562,cjanwayj9@nytimes.com,F2H-Q7Q-8N2,1959-06-07 06:20:40.973733
695,Anna-diane Lowten,+33 617 548 9871,alowtenja@indiatimes.com,YGJ-TJO-YXC,1978-03-04 00:20:40.973733
696,Marion Elintune,+237 852 911 6687,melintunejb@mit.edu,R3G-06K-0FZ,2016-11-26 18:20:40.973733
697,Terencio Dran,+7 572 367 7773,tdranjc@chronoengine.com,EUE-M1T-7KU,1951-07-20 12:20:40.973733
698,Yolane Stirgess,+63 145 489 8819,ystirgessjd@yandex.ru,1FJ-1T0-Q2R,1991-11-22 12:20:40.973733
699,Lethia Agent,+86 784 454 1101,lagentje@delicious.com,HUN-FET-DEX,2020-01-21 12:20:40.973733
700,Lorie Gotobed,+48 407 910 5718,lgotobedjf@comcast.net,UPT-30Z-VS5,2005-10-01 00:20:40.973733
701,Waylon Delacour,+36 818 454 5325,wdelacourjg@nps.gov,7DK-MR2-QE6,2014-05-09 00:20:40.973733
702,Virginia Albarez,+86 662 157 1953,valbarezjh@skype.com,0D0-3C8-YUU,1992-02-20 12:20:40.973733
703,Gare Seelbach,+7 829 637 4984,gseelbachji@sitemeter.com,WLA-O1W-938,1965-03-25 18:20:40.973733
704,Junia Topham,+58 133 886 7964,jtophamjj@un.org,NF5-6UQ-QYK,1998-08-30 06:20:40.973733
705,Doria Lexa,+242 118 741 5521,dlexajk@networksolutions.com,WMI-8PU-IRH,2008-01-01 12:20:40.973733
706,Gerry Sutter,+504 631 553 7889,gsutterjl@nbcnews.com,7YC-PZQ-7DV,1977-10-23 00:20:40.973733
707,Maribel Chateau,+57 237 757 7912,mchateaujm@dailymotion.com,8TU-MUT-ZPI,1981-12-26 00:20:40.973733
708,Lexy Valett,+93 242 679 1152,lvalettjn@arstechnica.com,U0N-USZ-D64,1945-03-02 18:20:40.973733
709,Jobi Harmer,+504 583 311 9841,jharmerjo@nationalgeographic.com,YQ7-8V2-Q6L,2022-05-20 00:20:40.973733
710,Tobie Mounsey,+996 617 471 9572,tmounseyjp@upenn.edu,OYO-0OE-TK8,1966-06-19 00:20:40.973733
711,Cloe Gillford,+380 100 975 1027,cgillfordjq@hexun.com,NA8-RGI-OHU,1978-10-08 06:20:40.973733
712,Harriett Ales0,+264 312 907 5556,halesjr@japanpost.jp,YEX-NBG-1WT,1954-07-05 06:20:40.973733
713,Giorgia Bernadon,+86 349 673 7911,gbernadonjs@timesonline.co.uk,9K2-3S9-EO9,1987-12-08 12:20:40.973733
714,Sigvard Cristofolini,+86 424 928 5666,scristofolinijt@drupal.org,H1O-2WC-CH7,1978-02-03 00:20:40.973733
715,Gwen Cross,+389 369 147 5368,gcrossju@oaic.gov.au,6XF-4IO-1PG,1962-07-26 06:20:40.973733
716,Donni Sebrook,+52 727 822 5205,dsebrookjv@wired.com,BYH-ARX-DGH,2007-06-27 12:20:40.973733
717,Loreen Wackley,+357 145 618 3834,lwackleyjw@disqus.com,M71-EO2-MJ4,2022-12-01 06:20:40.973733
718,Moira Veltman,+692 663 259 1964,mveltmanjx@surveymonkey.com,0DK-XQO-9CA,1945-05-15 18:20:40.973733
719,Jany Stonier,+420 352 245 1257,jstonierjy@china.com.cn,L11-A7F-RLE,1947-02-06 06:20:40.973733
720,Fransisco Duffus,+98 383 349 3101,fduffusjz@domainmarket.com,G2Y-9X0-2WK,1977-07-11 00:20:40.973733
721,Damon Trobe,+86 571 242 2034,dtrobek0@barnesandnoble.com,NZ0-6ZR-QXD,2004-01-31 12:20:40.973733
722,Dean Tryme,+86 177 915 2024,dtrymek1@blogger.com,9EX-EAC-MS3,1990-01-21 00:20:40.973733
723,Savina Mudie,+62 762 814 7702,smudiek2@usgs.gov,9ZO-BAK-K4Y,2018-09-15 06:20:40.973733
724,Base Veysey,+62 801 338 4439,bveyseyk3@umn.edu,PO3-1HR-3DJ,1952-07-07 18:20:40.973733
725,Roxana Rainsbury,+351 548 487 6648,rrainsburyk4@ning.com,FIE-4V3-5D5,1981-05-15 18:20:40.973733
726,Dannel Fanshaw,+385 522 859 7033,dfanshawk5@is.gd,9OT-C7W-W73,1991-06-11 06:20:40.973733
727,Haskel Quaife,+55 310 387 1151,hquaifek6@studiopress.com,XWO-W9K-V8C,2021-06-02 18:20:40.973733
728,Vasili Detloff,+62 327 920 2315,vdetloffk7@t.co,RH5-6I2-M5R,1984-07-16 18:20:40.973733
729,Cherin Batchley,+86 170 721 3263,cbatchleyk8@dedecms.com,O4K-W2R-KN8,1990-09-12 06:20:40.973733
730,Joann Alelsandrowicz,+86 198 427 6505,jalelsandrowiczk9@dmoz.org,BQ8-GT6-MGJ,1986-02-02 00:20:40.973733
731,Wyn Slaght,+353 130 243 0299,wslaghtka@bloglovin.com,6FR-0VP-5A9,1976-02-01 12:20:40.973733
732,Jo Wickham,+371 209 620 7331,jwickhamkb@npr.org,2TD-CIR-WL1,1999-10-02 12:20:40.973733
733,Antonius Mazonowicz,+81 666 137 1039,amazonowiczkc@dropbox.com,54L-U3G-0FE,1946-01-15 00:20:40.973733
734,Roxi Mebes,+62 511 528 9508,rmebeskd@ihg.com,FLA-IAX-BYV,1953-03-11 18:20:40.973733
735,Jaquith Rickardes,+54 124 913 4336,jrickardeske@dmoz.org,R23-W2B-OQA,2008-12-02 18:20:40.973733
736,Emmet Davydenko,+86 959 496 1175,edavydenkokf@about.me,AER-9Y4-GJE,1983-06-18 06:20:40.973733
737,Nate Andretti,+374 786 452 9373,nandrettikg@google.com.br,MA5-P62-XMG,2011-05-30 06:20:40.973733
738,Hilary Isley,+46 211 776 6641,hisleykh@guardian.co.uk,87L-9CQ-E8P,1996-01-07 12:20:40.973733
739,Edita Cann,+48 288 792 4688,ecannki@ow.ly,SG3-VLM-25R,1967-08-02 12:20:40.973733
740,Hussein Benner,+387 770 202 6772,hbennerkj@seesaa.net,AAU-462-CLE,1980-07-22 18:20:40.973733
741,Hal Hazley,+63 993 600 8857,hhazleykk@uiuc.edu,NW2-1OI-R9J,1956-03-09 12:20:40.973733
742,Jule Grimes,+63 716 522 3480,jgrimeskl@state.gov,PMM-UUB-VZ2,1960-03-13 12:20:40.973733
743,George Ellesworthe,+62 633 783 9042,gellesworthekm@chicagotribune.com,0UI-XQC-1EK,1994-05-14 00:20:40.973733
744,Yetty Bernette,+61 691 225 4634,ybernettekn@webeden.co.uk,IGD-SST-MS1,1999-12-18 12:20:40.973733
745,Dania Caplen,+86 932 989 1837,dcaplenko@irs.gov,ODK-3WU-33Q,1976-02-05 12:20:40.973733
746,Katinka Elcox,+692 512 272 1925,kelcoxkp@seattletimes.com,2KX-F58-NQN,1952-05-30 12:20:40.973733
747,Madlin Buntain,+389 793 151 4527,mbuntainkq@over-blog.com,ROR-RFP-6IH,2018-02-01 00:20:40.973733
748,Liam Merrgen,+30 934 861 9029,lmerrgenkr@scientificamerican.com,09L-TWL-RHH,2021-07-03 00:20:40.973733
749,Becky Dow,+48 568 510 7683,bdowks@intel.com,28X-RWI-X27,1956-10-14 18:20:40.973733
750,Cam Gergler,+92 332 261 8447,cgerglerkt@soundcloud.com,IVR-7BH-59H,1962-05-07 00:20:40.973733
751,Husein Rodriguez,+63 660 666 4341,hrodriguezku@usgs.gov,BTT-WBA-RZC,1994-08-29 06:20:40.973733
752,Debee Rouse,+63 506 318 4256,drousekv@theatlantic.com,R1R-P8Q-QKG,2022-01-26 00:20:40.973733
753,Feliza Tenbrug,+420 420 635 3260,ftenbrugkw@smh.com.au,PG4-JBL-QQN,1950-06-03 00:20:40.973733
754,Nancee Campanelli,+57 730 340 0750,ncampanellikx@state.gov,YRW-XQM-58E,1982-01-19 00:20:40.973733
755,Carrie Robarts,+7 406 761 2494,crobartsky@sitemeter.com,7PD-KX5-0V9,1947-04-17 06:20:40.973733
756,Kandace Dinnis,+86 692 167 9615,kdinniskz@rakuten.co.jp,RXB-5EU-2F9,1977-06-01 18:20:40.973733
757,Karee Gilbert,+62 115 359 5203,kgilbertl0@europa.eu,08I-VOG-0XJ,1951-04-16 06:20:40.973733
758,Elayne Baise,+86 276 819 8200,ebaisel1@yellowbook.com,D5G-ZFR-LNH,2017-12-21 00:20:40.973733
759,Philbert Leftbridge,+49 514 354 2282,pleftbridgel2@parallels.com,UD0-X71-153,1952-02-27 12:20:40.973733
760,Sayers Dalmon,+225 448 725 2169,sdalmonl3@simplemachines.org,8JO-BM8-7AT,2001-05-27 18:20:40.973733
761,Chip Curless,+255 898 849 0841,ccurlessl4@discuz.net,SQJ-CM4-DSB,1960-08-22 18:20:40.973733
762,Sacha Nottingham,+86 343 165 8134,snottinghaml5@aol.com,UH9-2D5-2YJ,1978-09-04 06:20:40.973733
763,Gunter Hindshaw,+33 169 544 2513,ghindshawl6@upenn.edu,6MB-BRB-2L1,1994-08-27 06:20:40.973733
764,Beth Henworth,+257 182 263 7805,bhenworthl7@cafepress.com,MCP-UOH-10O,1947-05-17 06:20:40.973733
765,Thacher Cockerton,+234 372 956 5867,tcockertonl8@cdc.gov,QHL-SOZ-U9V,1985-11-28 00:20:40.973733
766,Ernest Rubanenko,+63 783 304 6442,erubanenkol9@nba.com,RMB-FAV-EFY,1996-04-28 12:20:40.973733
767,Gideon Bastard,+66 956 328 1330,gbastardla@nationalgeographic.com,T60-798-RN3,2012-02-14 12:20:40.973733
768,Bjorn Ilyasov,+62 760 169 4602,bilyasovlb@spotify.com,2C5-6M1-UBR,1949-08-11 00:20:40.973733
769,Seumas Kingsnorth,+55 915 186 2359,skingsnorthlc@bbc.co.uk,K8F-HQS-8FF,1989-08-09 00:20:40.973733
770,Lotti Lavin,+591 295 283 9634,llavinld@acquirethisname.com,SLW-BKU-7D9,2008-12-02 18:20:40.973733
771,Carol Sheldrake,+62 685 618 4520,csheldrakele@princeton.edu,IRU-87B-75D,2017-08-27 00:20:40.973733
772,Eddie Coldrick,+7 940 665 3875,ecoldricklf@skype.com,QRR-DF7-12F,1989-10-12 00:20:40.973733
773,Eldridge Cicconettii,+86 296 547 9732,ecicconettiilg@youku.com,8UD-OLK-27U,1998-04-13 00:20:40.973733
774,Angelita Archbald,+86 157 842 6930,aarchbaldlh@dedecms.com,HEI-4J3-S4E,1977-11-19 00:20:40.973733
775,Hieronymus Loseby,+31 437 870 1490,hlosebyli@ameblo.jp,ZEY-JLI-J6L,1966-03-15 00:20:40.973733
776,Nadia Lunny,+27 233 899 7301,nlunnylj@sciencedirect.com,9T6-SA9-00A,2008-04-26 12:20:40.973733
777,Malchy Farnfield,+86 537 277 0150,mfarnfieldlk@ucla.edu,VBU-PUZ-OFP,1985-02-11 18:20:40.973733
778,Myron Tellenbach,+86 131 532 7884,mtellenbachll@1und1.de,HC1-6P1-7JL,1953-12-26 00:20:40.973733
779,Shel Chappell,+86 893 554 4634,schappelllm@xrea.com,76K-OI2-XYE,2011-08-11 12:20:40.973733
780,Waldo Beneze,+505 830 381 3614,wbenezeln@businesswire.com,CU1-5UR-UXV,1983-08-04 12:20:40.973733
781,Ines Poppleton,+30 434 954 7945,ipoppletonlo@dmoz.org,VMY-4XA-TQT,1988-12-27 18:20:40.973733
782,Gerianne Toplis,+48 305 524 2652,gtoplislp@networkadvertising.org,K8M-LS8-89L,1947-09-06 12:20:40.973733
783,Clementine Clampe,+55 706 800 8947,cclampelq@delicious.com,J2T-442-D4C,1990-07-29 06:20:40.973733
784,Jessi Kamall,+60 549 947 4155,jkamalllr@desdev.cn,9ZW-L0R-4JK,1988-09-16 18:20:40.973733
785,Dehlia Valentine,+962 504 964 2077,dvalentinels@delicious.com,CLE-IZ9-78Z,1990-04-30 00:20:40.973733
786,Mohandis Borthwick,+46 423 519 0669,mborthwicklt@scientificamerican.com,GIM-5N9-4BA,2010-11-14 06:20:40.973733
787,Hildegarde Axe,+84 265 184 2368,haxelu@comsenz.com,0LJ-LBE-NUC,1965-01-22 18:20:40.973733
788,Cindra Paridge,+86 931 280 9408,cparidgelv@mtv.com,9PN-U17-3YY,1972-12-14 18:20:40.973733
789,Lindon Nesfield,+63 603 312 0103,lnesfieldlw@imdb.com,TZT-4D0-RUY,2006-06-10 00:20:40.973733
790,Hedi Phizackarley,+52 386 375 1221,hphizackarleylx@vinaora.com,PJS-O6K-W4P,1966-09-27 06:20:40.973733
791,Ruprecht Cardall,+7 827 245 0992,rcardallly@answers.com,JWS-J57-KL5,2004-12-26 18:20:40.973733
792,Adrian Hennemann,+852 658 695 4120,ahennemannlz@blog.com,Y2S-XFL-DW5,1990-09-01 06:20:40.973733
793,Hakim Westerman,+55 513 433 4080,hwestermanm0@4shared.com,LVV-V7O-BTO,1968-10-06 18:20:40.973733
794,Rycca Henzley,+46 987 643 2069,rhenzleym1@about.me,ATJ-92Y-7L0,1947-10-23 12:20:40.973733
795,Florrie Fabler,+86 148 239 9749,ffablerm2@51.la,DCU-IPM-HDV,1946-04-26 00:20:40.973733
796,Merralee Scott,+7 505 686 1872,mscottm3@disqus.com,BQ0-KBM-SR9,1986-12-23 06:20:40.973733
797,Harriot Petschel,+51 338 128 2881,hpetschelm4@geocities.jp,5W5-AGE-F8F,1975-10-26 12:20:40.973733
798,Frayda Hutchinges,+62 360 702 3366,fhutchingesm5@exblog.jp,NC6-D6O-ZHR,2021-09-21 00:20:40.973733
799,Silvano Groom,+81 899 450 1839,sgroomm6@forbes.com,FM3-6NM-B07,1949-05-30 18:20:40.973733
800,Gertrudis Britt,+86 451 689 8981,gbrittm7@tinyurl.com,VNT-C27-OGT,2023-12-12 12:20:40.973733
801,Angel Duer,+234 376 412 6239,aduerm8@oaic.gov.au,AJT-9SG-EYE,1982-06-19 00:20:40.973733
802,Claudell Ashleigh,+222 226 639 3042,cashleighm9@jimdo.com,C8E-E7G-782,1964-10-03 18:20:40.973733
803,Lurette Axleby,+62 316 976 2952,laxlebyma@acquirethisname.com,ALE-CV4-TUE,1953-01-01 18:20:40.973733
804,Andeee Fleckness,+234 806 380 9888,aflecknessmb@adobe.com,4C2-TNF-YLE,2003-02-23 06:20:40.973733
805,Harold Freezor,+235 903 737 4515,hfreezormc@abc.net.au,SY4-8OX-UIE,1969-11-08 00:20:40.973733
806,Rori Ebrall,+86 395 948 6961,rebrallmd@moonfruit.com,JGM-T6S-MD4,1948-12-26 18:20:40.973733
807,Barby Tomasz,+62 134 545 7230,btomaszme@about.me,0YM-IB9-GU5,1955-12-05 12:20:40.973733
808,Bev Guerola,+355 593 836 7232,bguerolamf@facebook.com,WQI-QXX-EPT,1955-05-19 06:20:40.973733
809,Clive Caneo,+7 654 742 2569,ccaneomg@google.de,D0R-IM8-O0G,1989-01-30 18:20:40.973733
810,Nance Earengey,+33 932 901 4285,nearengeymh@washington.edu,J3X-87R-7X8,1946-08-27 06:20:40.973733
811,Samuel Chaudron,+33 527 472 0117,schaudronmi@wikispaces.com,UC3-0Z2-T3C,1978-12-14 06:20:40.973733
812,Di Filyaev,+58 893 334 2207,dfilyaevmj@samsung.com,J2Y-C5R-2PT,1976-08-25 18:20:40.973733
813,Wesley Callender,+86 924 757 0592,wcallendermk@github.io,11S-A8I-CYT,1970-08-25 06:20:40.973733
814,Whitaker De Mitris,+86 637 993 4703,wdeml@prnewswire.com,H7W-P88-8I4,2011-04-12 06:20:40.973733
815,Fionnula Beament,+86 597 446 0383,fbeamentmm@1688.com,AGC-JBI-2CH,2010-06-16 00:20:40.973733
816,Mikael Klamp,+62 174 728 6099,mklampmn@mail.ru,SZ8-XWS-Y1A,1985-10-23 00:20:40.973733
817,Tildi McIlwrick,+380 489 838 7273,tmcilwrickmo@barnesandnoble.com,TD9-55P-YZS,2000-07-02 18:20:40.973733
818,Miguel Ixer,+7 258 334 0039,mixermp@altervista.org,51U-38U-KNJ,1979-07-06 12:20:40.973733
819,Syd Aireton,+48 431 147 1041,sairetonmq@parallels.com,QCT-1CT-B0D,1995-07-14 12:20:40.973733
820,Rand Habbert,+82 157 502 5430,rhabbertmr@amazon.de,KPK-T8L-8UU,1989-06-19 18:20:40.973733
821,Randolph Iorio,+86 717 515 9259,riorioms@meetup.com,0VF-RPH-Z4Q,2021-06-15 18:20:40.973733
822,Tim Championnet,+234 838 179 5285,tchampionnetmt@auda.org.au,U71-PEQ-I8S,1947-05-24 06:20:40.973733
823,Jany Edinburough,+55 608 123 0990,jedinburoughmu@irs.gov,BIA-1OT-HDZ,1953-12-10 00:20:40.973733
824,Athene Pattrick,+62 141 951 5417,apattrickmv@nydailynews.com,G99-HWY-FN9,2005-08-23 00:20:40.973733
825,Venus Hengoed,+265 690 982 5676,vhengoedmw@aboutads.info,7HM-WVT-LPW,1983-06-16 06:20:40.973733
826,Richart OLogan,+235 337 941 6001,rologanmx@usgs.gov,L2D-S0S-OFW,1967-06-05 06:20:40.973733
827,Michaeline Antcliffe,+62 654 474 2720,mantcliffemy@cocolog-nifty.com,QIQ-2FI-0QZ,2015-03-17 06:20:40.973733
828,Bobbee Hanmore,+62 775 322 9295,bhanmoremz@creativecommons.org,L3K-DF5-QFZ,1951-09-18 12:20:40.973733
829,Tracy Wyburn,+86 538 401 1911,twyburnn0@ucoz.ru,F32-2KY-5P9,1961-12-25 00:20:40.973733
830,Baxy Szepe,+1 904 445 0808,bszepen1@pagesperso-orange.fr,QIJ-400-828,1979-02-22 06:20:40.973733
831,Clarice Petrulis,+998 515 233 5089,cpetrulisn2@blogspot.com,NF6-25P-D53,2006-04-25 00:20:40.973733
832,Celene Samwaye,+63 873 552 7934,csamwayen3@msn.com,P8C-AX3-RDJ,1948-10-26 18:20:40.973733
833,Redd Summerson,+86 308 784 1868,rsummersonn4@go.com,FXU-KAG-ZH4,1999-06-26 06:20:40.973733
834,Casey Roddan,+86 627 750 8565,croddann5@blog.com,45R-MY8-3EM,1990-03-13 00:20:40.973733
835,Leese Denniss,+62 664 510 9781,ldennissn6@barnesandnoble.com,NLB-DD6-VA0,2005-07-03 00:20:40.973733
836,Zolly McKeand,+86 732 207 6458,zmckeandn7@statcounter.com,9YX-57R-HLV,1952-01-02 12:20:40.973733
837,Lucina Mayhow,+996 378 495 9398,lmayhown8@bluehost.com,6PQ-S9U-UH9,1997-09-21 00:20:40.973733
838,Windy Grigoryev,+95 262 235 4201,wgrigoryevn9@youtube.com,J42-RNY-KH3,1979-06-18 06:20:40.973733
839,Mela Quested,+63 368 779 9492,mquestedna@myspace.com,UEI-A8N-H1H,2019-05-30 06:20:40.973733
840,Alonso Mundell,+352 110 433 3329,amundellnb@vistaprint.com,LQ5-ELM-7D4,1979-02-23 06:20:40.973733
841,Katee Abelevitz,+92 906 960 1385,kabelevitznc@globo.com,SOV-0S4-7D2,1993-01-22 18:20:40.973733
842,Lorine Flaune,+86 844 695 8767,lflaunend@paypal.com,3YE-1MM-F97,1994-03-07 00:20:40.973733
843,Evonne Figiovanni,+86 202 793 9655,efigiovannine@jugem.jp,6E1-72W-PAZ,1981-09-05 00:20:40.973733
844,Ros Tankin,+1 935 566 0310,rtankinnf@marketwatch.com,6JC-BBM-1ZT,1997-09-28 00:20:40.973733
845,Ranique Hancke,+1 303 414 7431,rhanckeng@meetup.com,OZF-31W-K3F,1950-01-04 00:20:40.973733
846,Micah Hindenburg,+966 334 678 8525,mhindenburgnh@hp.com,1IW-4QW-SBM,2017-11-05 00:20:40.973733
847,Chiquia Fraschetti,+351 547 326 3732,cfraschettini@cbslocal.com,HG3-C4L-52U,1947-12-01 12:20:40.973733
848,Brita Clute,+86 146 632 3351,bclutenj@purevolume.com,HE6-JMJ-0AF,1987-12-09 12:20:40.973733
849,Franciska Slemmonds,+62 883 955 3194,fslemmondsnk@mtv.com,H8G-HV5-W4S,2007-01-18 06:20:40.973733
850,Rutherford Burdass,+33 156 208 3607,rburdassnl@ca.gov,1KT-690-5AE,2002-01-03 00:20:40.973733
851,Rollins Steinor,+230 417 419 6947,rsteinornm@gmpg.org,HX0-4WN-ATX,1949-01-12 18:20:40.973733
852,Margery McCrillis,+86 508 151 0680,mmccrillisnn@xing.com,UCA-049-P23,1998-07-14 06:20:40.973733
853,Kim Gainfort,+63 770 676 5321,kgainfortno@godaddy.com,1UX-JO8-J6D,1973-05-25 18:20:40.973733
854,Melly Garlant,+33 259 286 3126,mgarlantnp@elpais.com,8RN-GOG-82N,2010-02-24 00:20:40.973733
855,Inga Titterington,+502 813 753 7835,ititteringtonnq@about.me,GYL-V8L-0L1,2005-10-31 00:20:40.973733
856,Ewan Crowthe,+92 740 938 3497,ecrowthenr@blogspot.com,YG8-XER-VSQ,2010-09-14 06:20:40.973733
857,Athene Hawarden,+7 431 518 1177,ahawardenns@ihg.com,7XK-K1R-PUN,2007-08-16 12:20:40.973733
858,Shaylah Feares,+358 713 274 6774,sfearesnt@nature.com,8SV-ORT-6CY,2008-02-14 12:20:40.973733
859,Benjie Ping,+30 574 569 6194,bpingnu@lulu.com,SBW-3RZ-XJD,1970-06-08 00:20:40.973733
860,Nola Le Noury,+46 634 635 2265,nlenv@free.fr,H5G-E5Y-YWV,1978-10-17 06:20:40.973733
861,Natasha Entres,+234 554 747 6392,nentresnw@google.com.au,VCM-ALK-JID,1967-10-28 12:20:40.973733
862,Klement Lewzey,+62 328 974 2525,klewzeynx@trellian.com,NAR-KC5-WQ8,1979-02-11 06:20:40.973733
863,Myrtie Tytherton,+62 414 695 8370,mtythertonny@fc2.com,IJD-EFJ-EY5,1989-06-13 18:20:40.973733
864,Ettie Callen,+358 177 996 1232,ecallennz@geocities.com,K7X-NM8-60U,2016-06-07 12:20:40.973733
865,Trevor Trowsdall,+234 556 703 3221,ttrowsdallo0@surveymonkey.com,FNC-HNA-IOQ,2003-10-28 12:20:40.973733
866,Stafani Sherbourne,+81 513 218 5841,ssherbourneo1@howstuffworks.com,BR8-J6C-CLU,1985-04-20 18:20:40.973733
867,Essy Damper,+504 865 129 5447,edampero2@amazon.com,HOX-JR8-UN0,2016-02-20 12:20:40.973733
868,Karalynn Kolczynski,+7 435 484 8598,kkolczynskio3@skype.com,VIP-JAS-WCM,1970-03-15 00:20:40.973733
869,Krystal Andrys,+86 144 936 5543,kandryso4@bandcamp.com,II7-0O8-ZG6,1971-01-08 06:20:40.973733
870,Neala Kraft,+86 193 127 0642,nkrafto5@imageshack.us,EN5-VIA-AAA,2023-09-28 12:20:40.973733
871,Donella Marioneau,+358 966 179 5086,dmarioneauo6@intel.com,BVY-CQA-O4F,1959-07-10 12:20:40.973733
872,Bobby Necolds,+86 844 455 6822,bnecoldso7@earthlink.net,KDA-WI9-ZW6,2013-09-14 00:20:40.973733
873,Elinore Sarjent,+86 956 307 8493,esarjento8@nsw.gov.au,RUS-DIW-R7N,1962-12-10 06:20:40.973733
874,Martin McKenney,+56 598 355 5784,mmckenneyo9@t-online.de,GZM-JOY-ZRS,1959-03-30 06:20:40.973733
875,Kimberley Gidden,+62 419 345 8251,kgiddenoa@t-online.de,4W8-GNP-0SY,2017-12-01 00:20:40.973733
876,Camala Volcker,+66 262 894 8412,cvolckerob@gov.uk,HG6-GT2-2E5,1968-03-18 12:20:40.973733
877,Benoit Quesne,+232 215 220 3348,bquesneoc@thetimes.co.uk,JHK-OXI-KIB,1953-07-13 00:20:40.973733
878,Avictor Kurdani,+33 160 602 1563,akurdaniod@jimdo.com,ZNA-CJ8-PYR,1992-03-09 12:20:40.973733
879,Udall Tunn,+48 486 113 9702,utunnoe@flavors.me,7NK-6ER-BXM,2018-10-17 06:20:40.973733
880,Garv La Batie,+63 408 401 0345,glaof@smugmug.com,Q5Z-6WB-Q7Y,1989-02-01 18:20:40.973733
881,Jonathan St. Quintin,+62 754 656 7947,jstog@sitemeter.com,13F-HS6-4F1,1998-05-10 00:20:40.973733
882,Killian Wimsett,+81 319 367 8914,kwimsettoh@cdbaby.com,QBH-XEJ-VBF,1985-03-24 18:20:40.973733
883,Guido Berthon,+86 103 186 0947,gberthonoi@globo.com,YCS-J4N-Y10,1982-12-21 06:20:40.973733
884,Kitty Wensley,+86 957 593 2396,kwensleyoj@skyrock.com,FK1-0SO-G1Q,1998-06-13 00:20:40.973733
885,Annetta Weddup,+93 305 463 1596,aweddupok@simplemachines.org,R7V-3Z8-RYK,2003-06-25 06:20:40.973733
886,Brodie Casa,+593 665 149 0537,bcasaol@lulu.com,QT4-KXQ-LEL,1994-08-14 06:20:40.973733
887,Ronna Riping,+62 148 923 4275,rripingom@rambler.ru,U0Y-OGL-RPY,2015-12-24 12:20:40.973733
888,Benoit Andrzejczak,+55 546 553 6239,bandrzejczakon@weather.com,LSK-IJ5-0VN,1999-06-14 06:20:40.973733
889,Abigale Thorp,+84 923 602 1517,athorpoo@state.gov,D4M-H2S-YRH,1944-08-02 18:20:40.973733
890,Worden Leng,+358 956 465 0694,wlengop@msn.com,P28-AU9-AEC,2012-09-13 18:20:40.973733
891,Cindee Chapelhow,+971 155 812 2232,cchapelhowoq@domainmarket.com,COL-XHB-9ZL,1957-06-12 18:20:40.973733
892,Selby Tomlett,+998 849 589 4865,stomlettor@clickbank.net,GRA-87X-E1C,1946-10-01 06:20:40.973733
893,Carlin Tirte,+381 911 145 2090,ctirteos@linkedin.com,JPU-KX7-7HG,2023-05-18 06:20:40.973733
894,Kelly Chawner,+86 875 621 3928,kchawnerot@tiny.cc,HIP-33I-6UA,1984-06-23 12:20:40.973733
895,Diego Gainor,+48 534 148 2214,dgainorou@vistaprint.com,51K-KJ8-YDY,1965-02-04 18:20:40.973733
896,Giacopo Quadrio,+351 481 399 1378,gquadrioov@elegantthemes.com,5GP-1QT-EEQ,2013-01-05 18:20:40.973733
897,Andrus Rossi,+63 875 700 6191,arossiow@cornell.edu,6KW-XH9-MYR,2003-01-21 06:20:40.973733
898,Chev Lambarth,+62 147 810 1369,clambarthox@spotify.com,ZRL-SST-1CW,2003-01-06 06:20:40.973733
899,Margeaux Fleming,+1 714 750 3576,mflemingoy@blinklist.com,HMX-3J2-U1H,1997-06-03 18:20:40.973733
900,Aldon Bownes,+225 909 697 1192,abownesoz@unesco.org,HXK-NQ6-IKL,1951-03-03 06:20:40.973733
901,Ora Boston,+63 694 269 7132,obostonp0@about.com,GDV-G96-31E,1956-10-23 18:20:40.973733
902,Vanna Memory,+7 270 626 8274,vmemoryp1@springer.com,X6Q-DRZ-CSU,1981-01-11 18:20:40.973733
903,Dominic Wallhead,+33 378 245 9776,dwallheadp2@odnoklassniki.ru,HFA-RV4-JDB,1952-07-05 18:20:40.973733
904,Correna Maddox,+51 726 551 0009,cmaddoxp3@jugem.jp,HKC-BTB-9TH,1964-10-18 18:20:40.973733
905,Tamar Hann,+7 404 865 4221,thannp4@craigslist.org,MWK-EBI-5OH,1958-08-09 06:20:40.973733
906,Bill Rumens,+51 181 853 8730,brumensp5@wikipedia.org,ZOM-IBB-SWZ,1963-06-26 12:20:40.973733
907,Janelle Kneafsey,+66 667 465 3666,jkneafseyp6@time.com,7DV-W4L-TGR,2020-11-08 18:20:40.973733
908,Lincoln O Lone,+977 242 762 4105,lop7@npr.org,K2X-0W0-2XE,2001-12-22 00:20:40.973733
909,Dore Redwin,+223 308 302 2571,dredwinp8@home.pl,EFW-1C6-CJZ,2006-05-26 00:20:40.973733
910,Lek Fain,+86 769 742 4202,lfainp9@ucoz.ru,Q98-ORQ-BFK,2005-01-11 18:20:40.973733
911,Booth Keaveney,+7 446 620 1114,bkeaveneypa@unblog.fr,2AT-K1E-T8W,2010-11-27 06:20:40.973733
912,Bram Bernardeschi,+30 591 298 3191,bbernardeschipb@noaa.gov,T9B-W3M-SJ4,1981-02-02 18:20:40.973733
913,Wilma Ballister,+86 379 384 1534,wballisterpc@tinypic.com,BEW-I5W-PCI,1970-03-26 00:20:40.973733
914,Baxter Farlamb,+691 941 685 0492,bfarlambpd@wordpress.com,WWD-3H0-6G8,1995-05-08 06:20:40.973733
915,Darleen St Ange,+266 501 343 9611,dstpe@patch.com,77O-SHV-O6V,2018-07-29 06:20:40.973733
916,Morry Marrow,+7 668 466 4889,mmarrowpf@twitter.com,QT4-V7X-17G,1996-07-09 18:20:40.973733
917,Elvyn Poel,+46 922 666 6316,epoelpg@vkontakte.ru,9EK-799-D4L,1967-07-05 12:20:40.973733
918,Rafa Kiraly,+86 751 749 4359,rkiralyph@imdb.com,ZVV-II0-QSF,1980-07-15 18:20:40.973733
919,Darbee Freeburn,+967 557 492 4039,dfreeburnpi@seattletimes.com,T8D-FNV-TBX,2006-10-12 06:20:40.973733
920,Gaspar Fenners,+252 215 197 0625,gfennerspj@freewebs.com,B93-NCO-SQB,1957-01-01 18:20:40.973733
921,Juieta Matskevich,+212 290 298 5596,jmatskevichpk@reverbnation.com,0XM-4B4-HSA,2008-03-10 12:20:40.973733
922,Frederique Abrahamowitcz,+86 261 318 3819,fabrahamowitczpl@friendfeed.com,D5N-W9W-1TR,1982-06-28 06:20:40.973733
923,Andrus Knagges,+48 186 746 0748,aknaggespm@cpanel.net,DB6-Q9W-2IY,2007-05-01 06:20:40.973733
924,Clementine Grace,+86 605 395 6353,cgracepn@accuweather.com,IX0-KSH-37D,1985-09-29 00:20:40.973733
925,Rosalinda Outright,+41 150 395 4235,routrightpo@seesaa.net,E8Z-ZJW-JD1,1954-04-13 00:20:40.973733
926,Kiley Margarson,+507 462 962 9129,kmargarsonpp@google.it,JP6-PHJ-HWQ,1949-04-19 18:20:40.973733
927,Dulcine Farfoot,+359 851 663 0948,dfarfootpq@unicef.org,CF4-XX6-QSY,2011-04-27 06:20:40.973733
928,Kelley Leppo,+82 179 471 4481,kleppopr@shutterfly.com,GG4-3ZT-B3J,1964-01-18 12:20:40.973733
929,Sascha Hatje,+63 567 889 0737,shatjeps@usnews.com,IQC-7ZE-6RQ,1957-01-29 18:20:40.973733
930,Ichabod Clutten,+48 182 237 7390,icluttenpt@tripod.com,OOT-ZDM-E7R,2024-04-19 12:20:40.973733
931,Kial Lethbrig,+351 560 961 6224,klethbrigpu@indiegogo.com,YZC-OWC-W36,2015-03-06 06:20:40.973733
932,Clare Cluitt,+86 103 143 3433,ccluittpv@dion.ne.jp,LL5-O69-3I5,1989-07-22 00:20:40.973733
933,Kippie Napoleon,+33 760 331 2687,knapoleonpw@goo.gl,LXW-QBC-0D5,1945-11-02 00:20:40.973733
934,Nathan Thorley,+66 926 538 3949,nthorleypx@japanpost.jp,AXH-SHA-RXT,1944-07-22 18:20:40.973733
935,Lillian Beswetherick,+7 382 390 1466,lbeswetherickpy@desdev.cn,B4B-QEO-VS7,2011-12-19 12:20:40.973733
936,Jessamine Fulker,+62 201 657 2170,jfulkerpz@youtu.be,WPL-VP0-K1C,1983-04-29 06:20:40.973733
937,Benyamin Yglesia,+86 194 659 4965,byglesiaq0@sina.com.cn,8JP-TRH-UIY,2012-03-12 12:20:40.973733
938,Lilias MacVay,+63 186 543 2782,lmacvayq1@hhs.gov,7WL-9HG-E0U,1954-01-05 00:20:40.973733
939,Maximilien Arnet,+57 933 501 6012,marnetq2@trellian.com,UKD-W13-UD7,1975-03-22 06:20:40.973733
940,Geoffry Coon,+62 584 413 4427,gcoonq3@cornell.edu,D94-6FO-J4W,1975-06-06 06:20:40.973733
941,Alisa Klais,+230 794 945 1196,aklaisq4@eepurl.com,0DS-CSO-ENY,1971-03-02 06:20:40.973733
942,Theda Dukesbury,+66 197 448 0544,tdukesburyq5@apple.com,HZF-I60-EI5,1967-01-31 06:20:40.973733
943,Noah Beidebeke,+86 148 846 6393,nbeidebekeq6@google.ru,HEG-M6Z-GCW,1947-12-04 12:20:40.973733
944,Cayla Sirrell,+420 964 545 0299,csirrellq7@1und1.de,VS6-A13-9N0,2022-01-05 00:20:40.973733
945,Aeriel Labes,+63 409 458 7778,alabesq8@a8.net,SL2-54Q-O2W,1953-05-07 18:20:40.973733
946,Madlen Paolo,+55 763 228 0244,mpaoloq9@hugedomains.com,COZ-2MS-PE8,2017-07-17 00:20:40.973733
947,Devina Iseton,+998 476 776 6496,disetonqa@disqus.com,1BQ-711-QZ6,1974-03-16 00:20:40.973733
948,Albrecht Duignan,+381 624 541 9002,aduignanqb@ehow.com,HGH-JA0-BID,1988-10-27 18:20:40.973733
949,Wilfred Yate,+63 529 130 3461,wyateqc@sogou.com,7S4-OLR-NAE,2009-10-31 00:20:40.973733
950,Celine Stainton,+55 322 767 0929,cstaintonqd@amazonaws.com,S3Z-U65-4PG,1981-04-26 18:20:40.973733
951,Keri Houten,+63 763 587 6930,khoutenqe@uol.com.br,341-G3R-FQO,2018-09-05 06:20:40.973733
952,Riccardo Sidon,+351 890 529 6225,rsidonqf@shinystat.com,CRF-GFU-ILQ,1977-06-05 18:20:40.973733
953,Stafani Chazelle,+66 875 867 4116,schazelleqg@arizona.edu,YN2-NGP-NHC,1997-04-03 18:20:40.973733
954,Wait Martensen,+62 472 637 6570,wmartensenqh@xrea.com,KAW-SLG-QU5,2001-02-28 18:20:40.973733
955,Lisle Capelin,+86 682 371 3437,lcapelinqi@ox.ac.uk,MKB-GHZ-LKI,1970-01-23 00:20:40.973733
956,Bertie Noone,+48 825 406 4538,bnooneqj@slate.com,4F6-DXQ-AHY,2019-06-08 06:20:40.973733
957,Gene Grabban,+63 592 331 6317,ggrabbanqk@scientificamerican.com,HJD-2QA-W2C,1979-04-17 06:20:40.973733
958,Kris Watkiss,+62 262 106 8595,kwatkissql@yale.edu,77M-7Y4-5LA,2011-04-30 06:20:40.973733
959,Percy Rushforth,+63 332 957 2855,prushforthqm@apple.com,23F-VZG-FT6,1974-01-31 00:20:40.973733
960,Gregor Salle,+963 666 934 5371,gsalleqn@china.com.cn,5SE-DYL-7RO,2010-06-16 00:20:40.973733
961,Mathe Murrock,+502 896 683 2380,mmurrockqo@irs.gov,2D0-DTP-B44,1992-06-10 12:20:40.973733
962,Cornelia Callaway,+269 294 428 8832,ccallawayqp@japanpost.jp,5U3-PFL-KD8,1960-12-24 18:20:40.973733
963,Durward Speare,+86 259 167 1748,dspeareqq@whitehouse.gov,R29-GF0-JFF,1956-07-20 18:20:40.973733
964,Micki Tadd,+7 621 162 8132,mtaddqr@google.ca,79I-QAE-5GV,1954-06-12 00:20:40.973733
965,Stephen Akred,+1 865 169 1495,sakredqs@goo.gl,VQF-ZM8-UPN,1986-04-30 00:20:40.973733
966,Sigismundo Charopen,+58 228 200 5465,scharopenqt@ow.ly,K0M-E2H-PZN,1987-02-03 06:20:40.973733
967,Kelci Scedall,+30 436 539 1165,kscedallqu@about.com,ZJQ-EBD-B1R,1981-02-05 18:20:40.973733
968,Harp Cheasman,+353 839 985 7525,hcheasmanqv@paypal.com,836-DXW-6JF,1991-02-23 06:20:40.973733
969,Sibelle Husthwaite,+86 619 746 9814,shusthwaiteqw@dailymail.co.uk,PL4-XP2-7GN,1959-06-16 06:20:40.973733
970,Amory Bofield,+374 904 798 5378,abofieldqx@flickr.com,L6M-C4W-XXD,1951-07-24 12:20:40.973733
971,Laurie Saggs,+86 846 354 3722,lsaggsqy@bloglovin.com,52G-BSX-7LF,1955-06-11 06:20:40.973733
972,Willdon Heinert,+267 869 198 9031,wheinertqz@feedburner.com,KBM-4FW-P7V,2022-01-23 00:20:40.973733
973,Nahum Caveney,+86 820 503 1718,ncaveneyr0@smugmug.com,WPM-497-Z7K,2008-02-02 12:20:40.973733
974,Noelle Broadhead,+86 166 707 6674,nbroadheadr1@spotify.com,Q5P-71O-M8I,1999-05-30 06:20:40.973733
975,Eugen Stanner,+49 962 535 8676,estannerr2@forbes.com,FPQ-QXV-UT2,1992-06-06 12:20:40.973733
976,Aggy Wyd,+501 562 100 1906,awydr3@etsy.com,NBE-2VO-JQ3,2006-06-23 00:20:40.973733
977,Zebadiah Martinello,+86 531 345 5683,zmartinellor4@psu.edu,X7L-Y1A-G80,1977-06-25 18:20:40.973733
978,Junina Belton,+375 427 311 3584,jbeltonr5@mediafire.com,X2X-7VE-PL1,1967-06-17 06:20:40.973733
979,Brewer Tringham,+967 864 596 1136,btringhamr6@taobao.com,SFX-ZC3-Z87,1955-08-09 12:20:40.973733
980,Octavia Darte,+86 499 446 7814,odarter7@mtv.com,RBB-Y72-MB2,2020-10-04 18:20:40.973733
981,Newton McColley,+62 801 814 5244,nmccolleyr8@google.ru,7M5-PGE-NBR,2021-04-06 18:20:40.973733
982,Perkin Grisbrook,+55 678 107 2332,pgrisbrookr9@spotify.com,P9L-2LH-4RO,1951-05-16 06:20:40.973733
983,Isadora Emanuelov,+86 635 968 6524,iemanuelovra@earthlink.net,PYC-FAQ-HKU,2024-06-07 12:20:40.973733
984,Domeniga Craft,+351 809 286 6491,dcraftrb@cafepress.com,JQ3-YE1-IDD,1991-05-19 06:20:40.973733
985,Marna Trevaskiss,+57 400 472 3281,mtrevaskissrc@51.la,10T-GU4-YYD,1988-09-12 18:20:40.973733
986,Marin Cristofalo,+62 211 299 6406,mcristofalord@google.fr,4IN-PMO-TPH,2016-12-06 18:20:40.973733
987,Francklyn Wonham,+86 771 851 4819,fwonhamre@devhub.com,9AO-FWP-6D3,1947-11-02 12:20:40.973733
988,Elke Jochen,+86 712 195 3260,ejochenrf@reuters.com,EQK-A5A-THI,1987-09-22 12:20:40.973733
989,Madge Biset,+46 901 562 6264,mbisetrg@spotify.com,L5D-X9O-FFO,2001-09-15 00:20:40.973733
990,Guntar Dods,+7 317 657 7630,gdodsrh@furl.net,MID-7W8-7RX,1973-08-06 00:20:40.973733
991,Trey Matic,+33 616 255 6712,tmaticri@admin.ch,9Z1-1QW-4IF,1977-05-11 18:20:40.973733
992,Chevalier Kull,+234 577 182 3362,ckullrj@mail.ru,CXA-FD9-LMD,2017-04-23 18:20:40.973733
993,Brenden Jouannin,+62 904 605 0502,bjouanninrk@ca.gov,5AQ-S97-S3Y,2004-04-17 12:20:40.973733
994,Powell Tolliday,+33 653 769 1821,ptollidayrl@twitter.com,RN7-YO0-V9W,1949-11-08 00:20:40.973733
995,Coleen O Driscoll,+48 617 358 1042,corm@1und1.de,UZ6-9IV-7KV,2003-12-23 12:20:40.973733
996,Toiboid Stell,+374 387 529 9610,tstellrn@columbia.edu,RD8-FGL-6DV,2004-07-15 18:20:40.973733
997,Joyce Kassel,+30 164 416 0800,jkasselro@berkeley.edu,VKN-KJH-O89,1968-08-21 18:20:40.973733
998,Shaughn Stallan,+86 499 609 1943,sstallanrp@nba.com,ON1-XAB-9OT,2024-02-14 12:20:40.973733
999,Marcille Furnell,+86 496 928 0193,mfurnellrq@1688.com,YJC-F2G-3MQ,1989-03-30 18:20:40.973733
1000,Stevie Ianne,+62 927 221 0280,siannerr@tinypic.com,PBA-POD-7SH,2024-01-25 12:20:40.973733
